Full Name,total_runs,balls_faced,total_fours,total_sixes,total_boundaries,total_wickets,strike_rate,average,dismissal_rate,boundary_pct,dot_ball_pct,vs_left_arm_fast,vs_left_arm_fast_medium,vs_left_arm_medium,vs_left_arm_mediumslow_left_arm_orthodox,vs_left_arm_medium_fast,vs_left_arm_wrist_spin,vs_legbreak,vs_legbreak_googly,vs_right_arm_fast,vs_right_arm_fast_medium,vs_right_arm_fast_mediumlegbreak,vs_right_arm_fast_mediumlegbreak_googly,vs_right_arm_medium,vs_right_arm_mediumlegbreak,vs_right_arm_mediumright_arm_offbreak,vs_right_arm_medium_fast,vs_right_arm_medium_fastright_arm_offbreak,vs_right_arm_offbreak,vs_right_arm_offbreaklegbreak,vs_right_arm_offbreaklegbreak_googly,vs_slow_left_arm_orthodox,avg_runs_death,avg_runs_middle,avg_runs_powerplay,adaptability_index,adaptability_label,run_std,consistency_index
AB de Villiers,117.0,61.0,5.0,9.0,14.0,3.0,191.8,39.0,20.33,22.95,24.59,0.0,0.0,0.0,0.0,0.0,0.0,1.7777777777777777,3.888888888888889,1.6666666666666667,1.2222222222222223,0.0,0.0,1.8,0.0,0.0,1.0,0.0,1.625,0.0,0.0,0.9090909090909091,2.8095238095238093,1.4166666666666667,0.875,0.427,Medium,1.9858877108235502,19.639
Aaron Finch,333.0,258.0,23.0,13.0,36.0,11.0,129.07,30.27,23.45,13.95,43.02,1.1538461538461537,1.4324324324324325,0.0,0.0,1.0,0.0,0.7777777777777778,0.8571428571428571,1.3703703703703705,1.2619047619047619,0.0,0.0,0.6666666666666666,0.0,0.0,1.0384615384615385,0.0,1.59375,0.8181818181818182,0.0,0.7777777777777778,1.6875,0.9901960784313726,1.28125,0.826,High,1.5898126777423698,19.04
Aaron Johnson,101.0,73.0,12.0,4.0,16.0,4.0,138.36,25.25,18.25,21.92,53.42,2.4285714285714284,2.0,0.0,0.0,0.0,0.0,0.0,0.0,1.08,1.4444444444444444,0.0,0.0,0.3333333333333333,0.0,0.0,0.0,0.0,0.0,0.0,0.0,1.0666666666666667,0.0,1.3333333333333333,1.3541666666666667,0.279,Low,1.8923268483274502,13.343
Aaron Jones,152.0,87.0,6.0,13.0,19.0,1.0,174.71,152.0,87.0,21.84,39.08,1.5,0.8333333333333334,0.0,0.0,1.1666666666666667,0.0,2.0,0.0,1.0740740740740742,2.6666666666666665,0.0,0.0,1.6666666666666667,0.0,0.0,0.0,0.0,2.8461538461538463,0.0,0.0,2.75,1.9310344827586208,1.9111111111111112,0.5263157894736842,0.549,Medium,2.057779228432603,73.866
Afif Hossain,152.0,121.0,10.0,3.0,13.0,11.0,125.62,13.82,11.0,10.74,28.93,2.0,1.2222222222222223,1.2857142857142858,0.0,0.8571428571428571,0.0,1.1,2.25,0.95,1.1666666666666667,0.0,0.0,0.0,0.0,0.0,0.9473684210526315,0.0,0.75,1.6153846153846154,0.0,1.0,1.2131147540983607,1.2241379310344827,0.7777777777777778,0.785,High,1.3086628386245442,10.56
Ahmed Shehzad,109.0,104.0,13.0,0.0,13.0,4.0,104.81,27.25,26.0,12.5,38.46,0.0,0.0,0.0,0.0,1.0666666666666667,0.0,0.8461538461538461,0.0,0.9230769230769231,1.3076923076923077,0.0,0.0,1.4285714285714286,0.0,0.0,1.4,0.0,1.0833333333333333,0.0,0.0,0.8214285714285714,0.0,1.0862068965517242,0.9583333333333334,0.541,Medium,1.2379518197395274,22.012
Aiden Markram,293.0,214.0,23.0,11.0,34.0,10.0,136.92,29.3,21.4,15.89,34.11,0.875,2.0,0.0,0.0,1.1538461538461537,0.0,1.2142857142857142,1.5384615384615385,1.4137931034482758,1.75,0.0,0.0,0.6818181818181818,0.0,0.0,1.56,0.0,1.2857142857142858,0.0,0.0,1.2857142857142858,1.7608695652173914,1.4594594594594594,0.819672131147541,0.753,High,1.6195767321352312,18.091
Ajinkya Rahane,41.0,35.0,2.0,0.0,2.0,1.0,117.14,41.0,35.0,5.71,22.86,0.0,0.0,0.0,0.0,0.0,0.0,1.2352941176470589,0.0,0.6666666666666666,0.6666666666666666,0.0,0.0,1.0,0.0,0.0,0.0,0.0,0.0,0.0,0.0,1.5,0.0,1.2083333333333333,1.0909090909090908,0.247,Low,0.9607371508460953,42.676
Akeal Hosein,46.0,50.0,2.0,1.0,3.0,1.0,92.0,46.0,50.0,6.0,44.0,0.7142857142857143,1.75,0.0,0.0,0.0,0.0,0.6,0.0,0.8,1.0,0.0,0.0,0.0,0.0,0.0,0.4,0.0,1.8,0.0,0.0,0.8333333333333334,1.2352941176470589,0.7575757575757576,0.0,0.434,Medium,1.209486313629527,38.033
Alex Hales,286.0,202.0,28.0,11.0,39.0,10.0,141.58,28.6,20.2,19.31,39.11,0.5,1.2962962962962963,0.0,0.0,1.6,0.0,1.0416666666666667,1.0,1.6129032258064515,1.4285714285714286,0.0,0.0,1.3076923076923077,0.0,0.0,2.090909090909091,0.0,1.375,0.0,0.0,0.925,2.5,1.1466666666666667,1.5,0.733,High,1.716355137773255,16.663
Andre Fletcher,109.0,88.0,8.0,6.0,14.0,0.0,123.86,0.0,0.0,15.91,48.86,0.0,0.0,0.0,0.0,0.0,0.0,0.8181818181818182,0.3333333333333333,1.0,0.8181818181818182,0.0,0.0,3.0,0.0,0.0,0.0,0.0,1.0,0.0,0.0,1.4444444444444444,0.8823529411764706,1.4333333333333333,1.1590909090909092,0.282,Low,1.7270384427284136,0.0
Andre Russell,181.0,105.0,18.0,8.0,26.0,7.0,172.38,25.86,15.0,24.76,36.19,3.25,0.875,1.4285714285714286,0.0,2.0,0.0,0.6,0.5714285714285714,1.4761904761904763,1.0526315789473684,0.0,1.0,2.5,0.0,0.0,2.25,0.0,1.5,0.0,0.0,2.142857142857143,1.75,1.170731707317073,0.0,0.773,High,1.8217825984823803,14.195
Andries Gous,115.0,74.0,12.0,4.0,16.0,3.0,155.41,38.33,24.67,21.62,41.89,0.0,0.0,0.0,0.0,0.8,0.0,1.2857142857142858,0.0,1.4444444444444444,2.2666666666666666,0.0,0.0,0.625,0.0,0.0,0.0,0.0,1.5833333333333333,0.0,0.0,1.1111111111111112,0.0,1.6326530612244898,1.0606060606060606,0.401,Medium,1.6774892447881162,22.85
Andy Balbirnie,256.0,222.0,17.0,11.0,28.0,12.0,115.32,21.33,18.5,12.61,48.2,0.75,1.12,0.0,0.0,0.8333333333333334,0.0,1.1944444444444444,0.0,1.0,1.3953488372093024,0.0,0.0,0.0,0.0,0.0,1.35,0.0,0.7142857142857143,0.6,0.0,1.1764705882352942,0.5,1.175257731958763,1.104,0.68,High,1.5819131493464438,13.484
Angelo Mathews,147.0,129.0,7.0,8.0,15.0,4.0,113.95,36.75,32.25,11.63,41.09,0.0,0.5714285714285714,0.0,0.0,1.0,0.0,2.3,1.4444444444444444,0.782608695652174,1.0909090909090908,0.0,0.0,0.9545454545454546,0.0,0.0,0.0,0.0,2.375,0.0,0.0,0.631578947368421,1.2916666666666667,1.0138888888888888,1.0,0.493,Medium,1.5660897348488336,23.466
Anshy Rath,66.0,61.0,3.0,0.0,3.0,2.0,108.2,33.0,30.5,4.92,21.31,0.0,0.0,1.3333333333333333,0.0,0.0,0.0,0.0,1.2222222222222223,0.75,1.375,0.0,0.0,0.0,0.0,0.0,1.0,0.0,0.7272727272727273,0.5,0.0,1.25,1.375,0.9565217391304348,0.0,0.512,Medium,0.9209931870297746,35.831
Aqib Ilyas,141.0,115.0,14.0,5.0,19.0,6.0,122.61,23.5,19.17,16.52,44.35,1.125,0.42857142857142855,1.2,0.0,0.0,0.0,1.3846153846153846,0.0,1.4,1.3888888888888888,1.0,0.0,1.0,0.0,0.0,1.2758620689655173,0.0,0.6,0.0,0.0,0.8571428571428571,0.0,1.09375,1.1910112359550562,0.742,High,1.5882228403576144,14.796
Asghar Afghan,186.0,156.0,8.0,9.0,17.0,8.0,119.23,23.25,19.5,10.9,37.82,0.375,2.0,0.0,0.0,2.2,0.0,0.8,0.0,0.7857142857142857,1.0,0.0,0.0,0.6666666666666666,0.75,0.0,1.1296296296296295,0.0,1.25,0.0,0.0,1.3421052631578947,1.375,1.1358024691358024,0.8666666666666667,0.647,Medium,1.4885224755701454,15.62
Assad Vala,107.0,89.0,10.0,4.0,14.0,7.0,120.22,15.29,12.71,15.73,46.07,0.0,1.0,0.0,0.0,0.25,0.0,1.875,0.0,1.0,1.3333333333333333,0.0,0.0,1.1428571428571428,0.0,0.0,1.3043478260869565,0.0,1.3333333333333333,0.0,1.0714285714285714,1.0,0.0,1.6296296296296295,1.0,0.647,Medium,1.6345596558139084,9.354
Avishka Fernando,58.0,62.0,1.0,2.0,3.0,5.0,93.55,11.6,12.4,4.84,41.94,1.4,0.6666666666666666,0.0,0.0,2.5,0.3333333333333333,0.8,0.4,0.6,1.0,0.0,0.0,0.0,0.6666666666666666,0.0,0.6666666666666666,0.0,0.75,1.0,0.0,0.6,0.0,0.7916666666666666,1.25,0.686,High,1.2436345862539302,9.327
Ayaan Khan,110.0,108.0,6.0,3.0,9.0,4.0,101.85,27.5,27.0,8.33,41.67,0.6666666666666666,0.0,0.75,0.0,0.0,0.0,0.5,1.25,0.4444444444444444,1.0,0.0,0.0,1.0,0.0,0.0,2.0,0.0,0.7352941176470589,0.0,0.0,1.0555555555555556,1.7894736842105263,0.8,0.0,0.592,Medium,1.2686124017467073,21.677
Azmatullah Omarzai,47.0,42.0,2.0,2.0,4.0,4.0,111.9,11.75,10.5,9.52,40.48,0.6666666666666666,0.0,0.0,0.0,0.5,0.0,0.8,0.0,2.5,1.875,0.0,1.0,0.6,0.0,0.0,1.0,0.0,0.0,0.0,0.0,1.4,1.4,0.7,0.5555555555555556,0.477,Medium,1.4370144643755416,8.177
Babar Azam,546.0,457.0,47.0,8.0,55.0,15.0,119.47,36.4,30.47,12.04,35.89,1.3,0.8809523809523809,0.0,0.0,0.9583333333333334,0.0,1.3928571428571428,1.0,1.290909090909091,1.06,0.0,0.0,1.1590909090909092,1.7142857142857142,0.0,1.1886792452830188,0.0,0.8928571428571429,1.5,0.0,1.2626262626262625,1.5454545454545454,1.3458333333333334,0.8957345971563981,0.934,High,1.338584516131218,27.193
Barry McCarthy,44.0,41.0,1.0,2.0,3.0,3.0,107.32,14.67,13.67,7.32,43.9,0.0,1.4285714285714286,0.0,0.0,1.0,0.0,1.0,0.6666666666666666,0.3333333333333333,1.4705882352941178,0.0,0.0,0.0,0.0,0.0,0.16666666666666666,0.0,0.0,1.0,0.0,0.0,1.3125,0.2,0.0,0.43,Medium,1.4808102751020642,9.907
Bas de Leede,120.0,153.0,9.0,1.0,10.0,8.0,78.43,15.0,19.12,6.54,52.94,0.3333333333333333,0.8461538461538461,0.0,0.0,0.9,0.0,0.7142857142857143,0.0,0.38235294117647056,1.0,0.0,0.0,1.2,1.4,0.0,0.9047619047619048,0.0,1.2,0.0,1.0,0.6428571428571429,0.9666666666666667,0.8596491228070176,0.6,0.786,High,1.1159687489221919,13.441
Ben Stokes,178.0,137.0,12.0,4.0,16.0,9.0,129.93,19.78,15.22,11.68,32.85,0.0,0.3333333333333333,0.0,0.0,0.0,0.0,0.8636363636363636,1.3333333333333333,1.1428571428571428,1.48,0.0,0.0,1.5555555555555556,0.0,0.0,1.6,0.0,1.3448275862068966,0.0,0.0,0.0,1.608695652173913,1.0704225352112675,1.0769230769230769,0.501,Medium,1.4103080435497672,14.025
Bhanuka Rajapaksa,298.0,213.0,27.0,10.0,37.0,11.0,139.91,27.09,19.36,17.37,32.86,1.0833333333333333,1.037037037037037,0.0,0.0,1.1428571428571428,0.0,1.2,0.8181818181818182,1.2857142857142858,1.5555555555555556,0.0,0.0,2.6666666666666665,1.6666666666666667,0.0,1.7586206896551724,0.0,1.1923076923076923,1.4285714285714286,0.0,1.3333333333333333,1.453125,1.3257575757575757,1.1538461538461537,0.876,High,1.580397426936589,17.141
Brandon King,134.0,106.0,17.0,2.0,19.0,4.0,126.42,33.5,26.5,17.92,38.68,0.0,0.875,1.7,0.0,0.0,0.0,0.0,0.7,0.3333333333333333,1.56,0.0,0.0,2.25,0.0,0.0,1.44,0.0,0.3,0.0,1.1428571428571428,1.0,1.1333333333333333,1.0444444444444445,1.4285714285714286,0.557,Medium,1.5008209329053745,22.321
Brandon McMullen,81.0,48.0,11.0,2.0,13.0,1.0,168.75,81.0,48.0,27.08,35.42,0.0,0.0,1.3333333333333333,0.0,4.0,0.0,0.0,0.0,0.0,0.0,0.0,0.0,1.2857142857142858,0.0,0.0,0.16666666666666666,0.0,1.6,0.0,2.125,2.0,0.0,2.032258064516129,1.0,0.308,Low,1.7859523650814815,45.354
CP Rizwan,44.0,33.0,3.0,1.0,4.0,2.0,133.33,22.0,16.5,12.12,27.27,1.0,2.0,0.0,0.0,2.2,0.0,0.0,0.0,0.0,0.5,0.0,0.0,0.0,0.0,0.0,2.0,0.0,0.0,0.0,0.0,0.7142857142857143,1.6428571428571428,1.2352941176470589,0.0,0.28,Low,1.4288690166235205,15.397
Calum MacLeod,98.0,114.0,6.0,0.0,6.0,9.0,85.96,10.89,12.67,5.26,40.35,0.5714285714285714,1.4615384615384615,1.6666666666666667,0.0,0.0,0.0,1.0,0.5,0.5454545454545454,0.5833333333333334,0.0,0.0,0.0,0.0,0.0,1.25,0.0,0.6,0.8571428571428571,0.0,0.8125,1.0416666666666667,0.797752808988764,0.4,0.674,High,0.9545669331388436,11.408
Chad Soper,56.0,63.0,2.0,2.0,4.0,6.0,88.89,9.33,10.5,6.35,50.79,0.0,0.5,0.0,0.0,0.0,0.2857142857142857,0.0,0.9090909090909091,1.0,1.5714285714285714,0.0,0.5,0.0,0.0,0.0,0.7333333333333333,0.0,1.125,0.0,0.0,0.8,1.2608695652173914,0.75,0.3,0.528,Medium,1.3564305533840817,6.878
Chamara Kapugedera,57.0,53.0,4.0,1.0,5.0,3.0,107.55,19.0,17.67,9.43,39.62,0.0,0.0,0.0,0.0,0.0,0.0,1.0833333333333333,0.4,1.2857142857142858,0.7,0.0,0.0,0.0,0.0,0.0,0.0,0.0,0.0,0.0,0.0,1.0,0.0,0.9387755102040817,1.1,0.239,Low,1.2172056989752258,15.61
Chamika Karunaratne,62.0,57.0,4.0,0.0,4.0,8.0,108.77,7.75,7.12,7.02,43.86,2.2857142857142856,0.5555555555555556,0.0,0.0,0.0,0.0,0.2,0.0,1.1111111111111112,1.4166666666666667,0.0,0.0,0.0,0.0,0.0,1.2857142857142858,0.0,0.0,0.0,0.0,0.5,1.2045454545454546,0.625,0.5,0.3,Low,1.2482756468006098,6.209
Charith Asalanka,417.0,299.0,32.0,12.0,44.0,12.0,139.46,34.75,24.92,14.72,31.77,0.6,1.3157894736842106,0.0,0.0,0.6666666666666666,0.5,0.0,1.125,1.5454545454545454,1.1891891891891893,0.0,0.0,1.6774193548387097,0.0,0.0,1.1481481481481481,0.0,1.3829787234042554,0.0,1.0,1.4038461538461537,1.5714285714285714,1.2395833333333333,1.3950617283950617,0.803,High,1.5215766929054495,22.838
Charles Amini,57.0,52.0,4.0,1.0,5.0,2.0,109.62,28.5,26.0,9.62,32.69,0.0,0.0,0.0,0.0,3.0,0.0,1.0,0.0,1.0,0.75,0.0,0.5714285714285714,0.3333333333333333,0.0,0.0,1.625,0.0,0.3333333333333333,0.0,1.3,0.75,0.0,0.8285714285714286,1.6470588235294117,0.455,Medium,1.287338269067041,22.139
Chris Gayle,172.0,107.0,11.0,14.0,25.0,8.0,160.75,21.5,13.38,23.36,46.73,0.6363636363636364,2.0588235294117645,0.0,0.0,0.7142857142857143,2.6666666666666665,2.5,0.0,1.1428571428571428,1.4285714285714286,0.0,0.0,0.0,0.0,0.0,0.0,0.0,1.7826086956521738,2.0,0.0,0.3333333333333333,1.8235294117647058,2.0,1.0833333333333333,0.567,Medium,2.0535545266063018,10.47
Chris Greaves,135.0,121.0,9.0,2.0,11.0,6.0,111.57,22.5,20.17,9.09,37.19,0.75,0.8888888888888888,1.0,0.0,1.0,0.0,1.0,1.1666666666666667,1.411764705882353,0.75,0.0,0.0,0.0,0.0,0.0,1.0,0.0,1.173913043478261,0.0,0.0,1.4285714285714286,1.0933333333333333,1.04,0.5,0.775,High,1.2894445186219432,17.449
Chris Jordan,40.0,38.0,4.0,0.0,4.0,3.0,105.26,13.33,12.67,10.53,42.11,0.0,0.0,0.0,0.0,0.0,0.0,1.8,0.5,1.3,0.5,0.0,0.0,1.0,0.0,0.0,0.0,0.0,1.5,0.0,0.0,0.0,1.0555555555555556,1.0,0.0,0.297,Low,1.3472619306770128,9.894
Colin Ackermann,227.0,203.0,15.0,6.0,21.0,11.0,111.82,20.64,18.45,10.34,39.9,0.8888888888888888,1.1666666666666667,0.0,0.0,1.4285714285714286,0.0,1.1333333333333333,0.0,1.1,0.96,0.0,0.0,2.0,0.0,0.0,0.84375,0.0,1.375,0.0,1.0,0.9487179487179487,1.588235294117647,1.0149253731343284,0.8809523809523809,0.751,High,1.368867463158091,15.078
Colin Munro,128.0,102.0,11.0,4.0,15.0,4.0,125.49,32.0,25.5,14.71,34.31,1.0,1.0,0.0,0.0,0.0,0.0,2.3333333333333335,1.6666666666666667,1.5555555555555556,1.0,0.0,0.0,0.5,0.0,0.0,1.0909090909090908,0.0,1.5625,0.0,0.0,0.2,0.0,1.2073170731707317,1.2608695652173914,0.574,Medium,1.518988481630459,21.067
Corey Anderson,110.0,104.0,9.0,2.0,11.0,6.0,105.77,18.33,17.33,10.58,42.31,1.8,0.0,0.0,0.0,0.5,0.0,1.3333333333333333,1.6666666666666667,1.3529411764705883,0.42857142857142855,0.0,0.0,0.6666666666666666,0.0,0.0,0.3333333333333333,0.0,0.8529411764705882,0.0,0.0,1.25,0.9615384615384616,1.0746268656716418,0.8666666666666667,0.571,Medium,1.31121318926071,13.979
Craig Ervine,129.0,121.0,13.0,0.0,13.0,7.0,106.61,18.43,17.29,10.74,45.45,1.5,0.6,0.0,0.0,0.6666666666666666,0.0,0.0,0.0,0.8518518518518519,1.0909090909090908,0.0,0.0,1.75,0.0,0.0,1.0869565217391304,1.0,1.4285714285714286,0.0,0.0,1.0,1.4,1.096774193548387,0.946236559139785,0.658,Medium,1.2747548783981966,14.458
Craig Williams,127.0,139.0,9.0,4.0,13.0,9.0,91.37,14.11,15.44,9.35,52.52,0.0,0.36363636363636365,0.0,0.0,0.0,0.0,1.12,0.0,0.42105263157894735,1.0666666666666667,0.0,0.0,0.0,0.0,0.0,0.6129032258064516,0.0,1.4210526315789473,0.0,0.0,1.0416666666666667,0.3333333333333333,1.0684931506849316,0.7058823529411765,0.384,Medium,1.3509723396969544,10.444
Curtis Campher,166.0,127.0,13.0,3.0,16.0,9.0,130.71,18.44,14.11,12.6,31.5,1.0,1.0,0.0,0.0,1.0,0.0,0.7333333333333333,0.0,1.4705882352941178,1.2666666666666666,0.0,0.0,0.3333333333333333,0.0,0.0,1.6666666666666667,0.0,1.0,1.25,0.0,1.2727272727272727,1.8214285714285714,1.1764705882352942,0.8333333333333334,0.732,High,1.407804769468114,13.098
Daryl Mitchell,350.0,247.0,22.0,11.0,33.0,10.0,141.7,35.0,24.7,13.36,29.96,1.2857142857142858,1.3,0.0,0.0,2.0,0.0,1.5,0.6923076923076923,1.3137254901960784,1.7317073170731707,0.0,0.0,2.3333333333333335,0.0,0.0,1.2916666666666667,0.0,1.3529411764705883,0.5714285714285714,0.0,1.2647058823529411,1.7272727272727273,1.264957264957265,1.3548387096774193,0.794,High,1.5137270907495366,23.122
Dasun Shanaka,219.0,196.0,16.0,9.0,25.0,12.0,111.73,18.25,16.33,12.76,41.84,1.0909090909090908,1.2608695652173914,0.0,0.0,0.8181818181818182,0.5,0.4,0.5,1.0,1.2222222222222223,0.0,0.0,1.0,0.0,0.0,1.7826086956521738,0.0,0.75,1.2222222222222223,0.0,1.0,1.2323232323232323,0.9603960396039604,0.0,0.842,High,1.5157382068014877,12.04
David Miller,275.0,217.0,15.0,13.0,28.0,5.0,126.73,55.0,43.4,12.9,36.87,1.0,1.3181818181818181,0.0,0.0,1.0,0.0,1.5,0.9333333333333333,1.0689655172413792,1.510204081632653,0.0,0.0,1.3333333333333333,0.0,0.0,1.0666666666666667,0.0,1.1904761904761905,0.0,0.0,1.1666666666666667,1.775,0.9848484848484849,0.2727272727272727,0.789,High,1.5852280358055681,34.695
David Warner,502.0,342.0,51.0,17.0,68.0,17.0,146.78,29.53,20.12,19.88,35.09,1.0833333333333333,1.1428571428571428,0.0,0.0,0.8125,0.0,1.7307692307692308,1.7142857142857142,1.4477611940298507,0.3333333333333333,0.0,0.0,1.3703703703703705,0.0,0.0,1.7674418604651163,0.0,1.532258064516129,0.0,0.7272727272727273,1.411764705882353,1.2272727272727273,1.4233576642335766,1.4213197969543148,0.791,High,1.6666772168258155,17.718
David Wiese,369.0,267.0,19.0,16.0,35.0,10.0,138.2,36.9,26.7,13.11,33.71,2.0,0.7777777777777778,0.0,0.0,2.3333333333333335,0.0,1.2727272727272727,1.08,0.9615384615384616,2.1785714285714284,0.0,0.0,1.7,0.0,0.0,1.4680851063829787,0.0,1.4333333333333333,0.0,0.6666666666666666,0.9423076923076923,1.5145631067961165,1.23121387283237,0.0,0.771,High,1.6086844353844612,22.938
David Willey,43.0,31.0,1.0,4.0,5.0,1.0,138.71,43.0,31.0,16.13,41.94,0.0,1.0,0.0,0.0,0.0,0.0,0.0,0.5,0.25,1.4,0.0,0.0,2.6,0.0,0.0,0.0,0.0,0.5,0.0,0.0,6.0,1.52,0.7142857142857143,0.0,0.096,Low,1.9610625000321276,21.927
Dawid Malan,191.0,165.0,14.0,2.0,16.0,6.0,115.76,31.83,27.5,9.7,37.58,1.6666666666666667,1.1428571428571428,0.0,0.0,0.4,1.2857142857142858,1.0,0.875,1.3333333333333333,0.8333333333333334,0.0,0.0,1.1666666666666667,0.0,0.0,1.8,0.0,0.8387096774193549,0.0,0.0,1.3125,2.25,1.1363636363636365,0.8,0.801,High,1.2732895325754605,24.998
Denesh Ramdin,36.0,52.0,1.0,0.0,1.0,3.0,69.23,12.0,17.33,1.92,44.23,0.0,0.0,0.0,0.0,0.0,0.0,0.7272727272727273,0.8,0.6,2.5,0.0,0.0,0.0,0.0,0.0,0.0,0.0,0.6666666666666666,0.0,0.0,0.3333333333333333,0.8,0.6808510638297872,0.0,0.164,Low,0.80533664957914,14.901
Devon Conway,313.0,258.0,26.0,3.0,29.0,9.0,121.32,34.78,28.67,11.24,32.56,1.05,1.0,0.0,0.0,0.0,0.0,1.7222222222222223,1.5,1.0714285714285714,1.0444444444444445,0.0,0.0,1.3333333333333333,1.5,0.0,1.0,0.0,1.0689655172413792,1.1428571428571428,0.0,0.5882352941176471,1.21875,1.2589928057553956,0.99,0.837,High,1.261232164881789,27.576
Dhananjaya de Silva,201.0,162.0,15.0,4.0,19.0,7.0,124.07,28.71,23.14,11.73,30.25,0.75,1.2222222222222223,0.0,0.0,0.8,0.0,1.0,1.2,0.8,1.5714285714285714,0.0,0.0,1.4,0.0,0.0,0.8333333333333334,0.0,1.6363636363636365,0.6666666666666666,0.6666666666666666,1.5789473684210527,1.6923076923076923,1.2307692307692308,1.1355932203389831,0.873,High,1.3814045104786852,20.783
Dinesh Chandimal,74.0,73.0,6.0,3.0,9.0,6.0,101.37,12.33,12.17,12.33,53.42,1.0,1.25,0.0,0.0,0.0,0.0,0.6363636363636364,0.0,1.3333333333333333,1.25,0.0,0.0,0.0,0.0,0.0,0.0,0.0,1.0909090909090908,0.0,0.0,0.2727272727272727,0.0,0.0,0.9866666666666667,0.408,Medium,1.5552294810537572,7.928
Dwayne Bravo,97.0,91.0,5.0,3.0,8.0,7.0,106.59,13.86,13.0,8.79,36.26,2.0,0.25,0.0,0.0,0.0,0.0,1.1818181818181819,0.9285714285714286,1.0909090909090908,1.1538461538461537,0.0,0.0,1.0,0.0,0.0,1.5,0.0,0.46153846153846156,0.0,0.0,0.6666666666666666,1.4,0.9863013698630136,0.5,0.586,Medium,1.2855045429031209,10.782
Elton Chigumbura,67.0,40.0,1.0,5.0,6.0,3.0,167.5,22.33,13.33,15.0,25.0,0.0,0.0,0.0,0.0,0.0,0.0,3.25,0.2,0.0,0.0,0.0,0.0,0.0,0.0,0.0,1.75,0.0,1.0,0.0,0.0,1.0,1.7,1.4545454545454546,0.0,0.104,Low,1.8809053346856084,11.872
Eoin Morgan,142.0,114.0,8.0,6.0,14.0,6.0,124.56,23.67,19.0,12.28,35.09,0.0,1.25,0.0,0.0,0.0,0.0,0.7222222222222222,0.875,1.4642857142857142,1.0,0.0,0.0,1.0769230769230769,0.0,0.0,1.7,0.0,0.5333333333333333,0.0,0.0,1.5454545454545454,1.702127659574468,0.9642857142857143,0.47058823529411764,0.579,Medium,1.4949963229393717,15.833
Evin Lewis,157.0,137.0,13.0,8.0,21.0,9.0,114.6,17.44,15.22,15.33,49.64,1.0,0.7142857142857143,0.0,0.0,2.6666666666666665,2.3333333333333335,0.75,1.0,1.2777777777777777,1.0,0.0,0.0,0.42857142857142855,0.0,0.0,1.5,0.0,1.1851851851851851,0.8,0.0,0.8333333333333334,0.0,0.9795918367346939,1.1595744680851063,0.75,High,1.6500733458503314,10.569
Faf du Plessis,98.0,84.0,10.0,2.0,12.0,3.0,116.67,32.67,28.0,14.29,39.29,0.0,2.0,0.0,0.0,0.0,0.0,0.8888888888888888,1.1666666666666667,1.2857142857142858,1.0,0.0,0.0,0.6666666666666666,0.0,0.0,1.0,0.0,1.25,1.0,0.0,1.0666666666666667,1.0,1.0925925925925926,1.1935483870967742,0.666,High,1.4289742434343677,22.863
Fakhar Zaman,161.0,126.0,9.0,8.0,17.0,7.0,127.78,23.0,18.0,13.49,35.71,2.5,1.3,0.0,0.0,1.6666666666666667,0.0,1.1111111111111112,0.6666666666666666,1.1111111111111112,1.3125,0.0,0.0,0.75,0.0,0.0,0.6666666666666666,0.0,1.4615384615384615,0.0,0.0,1.4210526315789473,1.6896551724137931,1.0,1.3636363636363635,0.692,High,1.6155059566971677,14.237
Finn Allen,124.0,75.0,14.0,6.0,20.0,7.0,165.33,17.71,10.71,26.67,42.67,2.0,1.0,0.0,0.0,0.25,0.0,2.0,2.4,1.6428571428571428,1.8333333333333333,0.0,0.0,3.5,0.0,0.0,0.0,0.0,0.8,0.0,0.0,1.4,0.0,0.0,1.6103896103896105,0.562,Medium,1.9477101545677746,9.093
Gareth Delany,159.0,126.0,14.0,5.0,19.0,8.0,126.19,19.88,15.75,15.08,34.13,4.0,0.8,0.0,0.0,2.0714285714285716,0.0,0.3333333333333333,1.0,1.3846153846153846,0.5714285714285714,0.0,0.0,0.25,0.0,0.0,1.0,0.0,1.0833333333333333,1.2857142857142858,0.0,1.325,1.7619047619047619,1.1734693877551021,0.7777777777777778,0.536,Medium,1.5253557413912582,13.033
Gary Wilson,38.0,37.0,5.0,0.0,5.0,2.0,102.7,19.0,18.5,13.51,43.24,0.0,0.0,0.0,0.0,0.0,0.0,0.7777777777777778,0.0,0.0,0.8333333333333334,0.0,0.0,0.0,0.0,0.0,0.0,0.0,1.6,0.0,0.0,1.0588235294117647,0.3333333333333333,1.1,1.0,0.148,Low,1.3225918679809163,14.366
George Dockrell,148.0,112.0,12.0,2.0,14.0,7.0,132.14,21.14,16.0,12.5,25.89,0.0,3.3333333333333335,0.0,0.0,1.0,0.0,1.75,0.0,1.0,1.3333333333333333,0.0,0.0,1.1818181818181819,0.0,0.0,1.3846153846153846,0.0,0.9166666666666666,0.0,0.0,1.3846153846153846,1.6285714285714286,1.2575757575757576,0.5333333333333333,0.513,Medium,1.316029647456131,16.063
George Munsey,472.0,350.0,54.0,12.0,66.0,16.0,134.86,29.5,21.88,18.86,45.14,1.0,1.2962962962962963,0.75,0.0,0.9166666666666666,0.0,1.4583333333333333,1.0833333333333333,1.1063829787234043,1.6875,0.0,0.0,1.8461538461538463,0.0,0.0,1.1956521739130435,0.0,1.3333333333333333,0.6666666666666666,2.3333333333333335,0.8867924528301887,1.3157894736842106,1.2190476190476192,1.2412451361867705,0.93,High,1.615113725720036,18.265
Gerhard Erasmus,314.0,290.0,24.0,6.0,30.0,13.0,108.28,24.15,22.31,10.34,40.69,0.0,1.5,0.0,0.0,0.0,0.0,1.25,0.5789473684210527,0.8947368421052632,1.04,0.0,0.0,0.5833333333333334,0.0,0.0,0.8,0.0,1.2285714285714286,0.0,1.3,1.1875,1.3666666666666667,1.1036036036036037,0.6511627906976745,0.67,High,1.3474292368258893,17.923
Glenn Maxwell,315.0,241.0,27.0,10.0,37.0,12.0,130.71,26.25,20.08,15.35,36.93,0.0,1.65,0.0,0.0,0.5,0.75,1.3055555555555556,1.6470588235294117,1.125,1.2857142857142858,0.0,0.0,0.0,0.0,0.0,1.2195121951219512,0.0,1.6923076923076923,0.6666666666666666,0.0,1.0566037735849056,1.5681818181818181,1.2268041237113403,0.5714285714285714,0.724,High,1.5295886487101515,17.161
Glenn Phillips,379.0,269.0,27.0,15.0,42.0,12.0,140.89,31.58,22.42,15.61,34.94,2.8333333333333335,0.5,0.0,0.0,1.625,0.0,1.34375,1.875,1.3518518518518519,1.1481481481481481,0.0,0.0,0.0,0.0,0.0,1.42,0.0,1.5476190476190477,1.4444444444444444,0.0,0.7,1.6625,1.2824858757062148,0.9047619047619048,0.687,High,1.6192721939969104,19.503
Grant Elliott,52.0,46.0,4.0,0.0,4.0,1.0,113.04,52.0,46.0,8.7,26.09,0.0,0.7142857142857143,0.0,0.0,1.0,0.0,0.0,0.0,0.7857142857142857,1.1111111111111112,0.0,0.0,2.0,0.0,0.0,0.0,0.0,0.0,0.0,0.0,1.2857142857142858,1.2142857142857142,0.25,0.0,0.323,Low,1.0874781357122423,47.817
Gulbadin Naib,235.0,192.0,20.0,6.0,26.0,9.0,122.4,26.11,21.33,13.54,38.54,1.1875,0.4166666666666667,0.0,0.0,0.0,0.0,0.6,1.2352941176470589,0.9444444444444444,1.625,0.0,1.5,1.2727272727272727,0.0,0.0,1.7142857142857142,0.0,0.9166666666666666,0.0,0.0,0.5833333333333334,1.434782608695652,1.1037735849056605,1.1063829787234043,0.699,High,1.4590148834854184,17.896
Hardik Pandya,244.0,164.0,17.0,10.0,27.0,10.0,148.78,24.4,16.4,16.46,34.15,2.0,0.8461538461538461,0.0,0.0,2.6,0.0,0.782608695652174,0.0,1.175,1.9615384615384615,0.0,0.0,0.0,0.0,0.0,1.75,0.0,3.0,0.8571428571428571,0.0,1.1875,1.839080459770115,0.9545454545454546,0.0,0.592,Medium,1.6640110205521126,14.663
Harry Brook,78.0,73.0,4.0,1.0,5.0,5.0,106.85,15.6,14.6,6.85,38.36,0.0,1.6666666666666667,0.0,0.0,0.0,0.0,0.8461538461538461,0.6923076923076923,1.1,0.75,0.0,0.0,1.6923076923076923,0.0,0.0,3.0,0.0,0.3333333333333333,0.0,0.0,0.5,1.6111111111111112,0.8076923076923077,1.4,0.414,Medium,1.2018004511250293,12.981
Harry Tector,102.0,108.0,5.0,1.0,6.0,10.0,94.44,10.2,10.8,5.56,42.59,0.0,0.8,0.0,0.0,1.0,0.0,1.1428571428571428,0.0,0.29411764705882354,2.0,0.0,0.0,0.0,0.0,0.0,1.0833333333333333,0.0,0.9615384615384616,0.0,0.0,0.7142857142857143,0.8666666666666667,1.0,0.7666666666666667,0.45,Medium,1.1687999683835408,8.727
Hashim Amla,114.0,88.0,13.0,3.0,16.0,3.0,129.55,38.0,29.33,18.18,35.23,0.0,0.7142857142857143,0.0,0.0,0.0,0.0,1.1666666666666667,0.0,0.0,1.6666666666666667,0.0,0.0,1.0,0.0,0.0,1.6666666666666667,0.0,1.6428571428571428,0.0,0.0,0.8666666666666667,1.5555555555555556,1.131578947368421,1.3902439024390243,0.43,Medium,1.5841099673680277,23.988
Hazratullah Zazai,109.0,98.0,9.0,6.0,15.0,6.0,111.22,18.17,16.33,15.31,55.1,1.375,1.5714285714285714,0.0,0.0,0.6,0.0,2.3333333333333335,0.0,0.8823529411764706,0.7407407407407407,0.0,0.0,0.0,0.0,0.0,0.9444444444444444,0.0,2.75,0.0,0.0,0.5,0.0,1.0714285714285714,1.0561797752808988,0.463,Medium,1.6793161698741879,10.82
Heinrich Klaasen,121.0,113.0,8.0,5.0,13.0,5.0,107.08,24.2,22.6,11.5,43.36,2.6666666666666665,0.7,0.0,0.0,0.0,0.0,1.4285714285714286,1.8,0.7272727272727273,0.9411764705882353,0.0,0.0,0.4,0.0,0.0,0.6,0.0,1.2307692307692308,0.0,0.0,0.75,1.0,1.3013698630136987,0.2631578947368421,0.524,Medium,1.5101845568345758,16.025
Hiri Hiri,29.0,38.0,3.0,0.0,3.0,3.0,76.32,9.67,12.67,7.89,57.89,0.0,2.5,0.0,0.0,0.0,0.0,0.0,0.0,0.0,0.0,0.0,1.0,2.5,0.0,0.0,0.0,0.0,0.7777777777777778,0.0,0.0,0.23529411764705882,0.0,0.6333333333333333,1.1111111111111112,0.125,Low,1.2078242447507945,8.006
Ibrahim Zadran,204.0,166.0,17.0,5.0,22.0,7.0,122.89,29.14,23.71,13.25,43.98,0.0,0.6,2.111111111111111,0.0,0.25,0.0,0.9230769230769231,0.8888888888888888,0.8181818181818182,1.2,0.0,1.0,1.2857142857142858,0.0,0.0,2.888888888888889,0.0,1.6111111111111112,0.0,0.0,0.8571428571428571,0.0,1.1359223300970873,1.2253521126760563,0.656,Medium,1.5334942270998397,19.002
Iftikhar Ahmed,144.0,115.0,9.0,6.0,15.0,7.0,125.22,20.57,16.43,13.04,40.87,0.0,0.3333333333333333,0.0,0.0,2.111111111111111,0.8181818181818182,0.0,0.0,1.0263157894736843,1.0,0.0,0.0,1.8333333333333333,0.0,0.0,1.625,0.0,1.375,0.3333333333333333,0.0,2.1,1.2121212121212122,1.2602739726027397,0.8571428571428571,0.568,Medium,1.5803414161492568,13.016
Imad Wasim,23.0,32.0,1.0,0.0,1.0,2.0,71.88,11.5,16.0,3.12,50.0,0.0,0.0,0.0,0.0,1.0,0.0,0.8,0.0,1.0,0.0,0.0,0.0,0.0,0.0,0.0,0.5454545454545454,0.0,0.0,0.0,0.0,0.25,0.5714285714285714,0.7894736842105263,0.0,0.222,Low,0.8833476270999037,13.019
JJ Smit,139.0,125.0,9.0,4.0,13.0,7.0,111.2,19.86,17.86,10.4,43.2,0.5,0.7777777777777778,0.0,0.0,1.5,0.0,1.1904761904761905,1.1666666666666667,0.6190476190476191,1.375,0.0,0.0,0.5,0.0,0.0,1.4838709677419355,0.0,0.8,0.0,0.0,0.5,1.2325581395348837,0.7380952380952381,0.6666666666666666,0.685,High,1.4344965624048667,13.845
James Neesham,166.0,96.0,5.0,9.0,14.0,6.0,172.92,27.67,16.0,14.58,25.0,1.25,0.0,0.0,0.0,1.75,0.0,1.6,0.0,1.5555555555555556,2.4285714285714284,0.0,0.0,1.0,0.0,0.0,1.5,0.0,0.7647058823529411,1.0,0.0,1.0,1.6629213483146068,0.9473684210526315,0.0,0.65,Medium,1.631614795145268,16.959
Jamie Atkinson,92.0,83.0,8.0,2.0,10.0,3.0,110.84,30.67,27.67,12.05,40.96,0.0,0.0,0.5,0.0,0.0,0.0,0.75,1.0,0.4,1.391304347826087,0.0,0.0,0.0,0.0,0.0,1.0,0.0,1.0,1.0,0.0,1.2,2.1666666666666665,1.1842105263157894,0.85,0.579,Medium,1.427940193299321,21.478
Jan Frylinck,193.0,192.0,13.0,1.0,14.0,9.0,100.52,21.44,21.33,7.29,42.71,0.0,0.36363636363636365,0.0,0.0,0.75,0.0,0.7272727272727273,0.42857142857142855,1.2,1.119047619047619,0.0,0.0,1.25,0.0,0.0,0.9473684210526315,0.0,0.5882352941176471,0.0,0.6666666666666666,1.21875,1.1875,0.8315789473684211,0.8837209302325582,0.707,High,1.1645660048305184,18.41
Jan Nicol Loftie-Eaton,52.0,53.0,1.0,3.0,4.0,7.0,98.11,7.43,7.57,7.55,50.94,1.0,0.3333333333333333,0.0,0.0,0.0,0.0,0.0,1.3333333333333333,1.0,0.0,0.0,0.0,0.0,0.0,0.0,1.2352941176470589,0.0,0.7142857142857143,0.0,0.0,1.0,0.7333333333333333,1.0,1.0285714285714285,0.422,Medium,1.4709304414677,5.051
Jason Holder,53.0,42.0,4.0,2.0,6.0,4.0,126.19,13.25,10.5,14.29,40.48,1.0,0.0,0.0,0.0,0.0,0.0,0.6666666666666666,0.0,0.0,2.142857142857143,0.0,0.0,2.3333333333333335,0.0,0.0,1.4,0.0,0.3333333333333333,1.3333333333333333,0.0,0.875,1.7,0.7916666666666666,0.0,0.422,Medium,1.5638287162281514,8.473
Jason Roy,327.0,210.0,33.0,11.0,44.0,9.0,155.71,36.33,23.33,20.95,33.81,0.75,1.9473684210526316,0.0,0.0,1.75,0.0,0.8518518518518519,0.0,1.736842105263158,1.1428571428571428,0.0,0.0,1.2352941176470589,0.0,0.0,0.0,0.0,2.125,0.0,0.0,1.537037037037037,0.0,1.4375,1.525974025974026,0.584,Medium,1.7287218581000277,21.016
Jatinder Singh,164.0,114.0,14.0,5.0,19.0,4.0,143.86,41.0,28.5,16.67,28.95,1.2857142857142858,1.125,1.5,0.0,0.0,0.0,3.0,0.0,1.2,1.0625,1.5,0.0,0.0,0.0,0.0,1.3181818181818181,0.0,1.25,0.0,0.0,1.3333333333333333,1.3076923076923077,1.4492753623188406,1.175,0.636,Medium,1.5145055751776797,27.072
Jean-Paul Duminy,87.0,48.0,5.0,4.0,9.0,0.0,181.25,0.0,0.0,18.75,8.33,0.0,1.9230769230769231,0.0,0.0,0.0,0.0,1.0,2.0,0.0,1.9285714285714286,0.0,0.0,0.0,0.0,0.0,0.0,0.0,1.1428571428571428,2.4,0.0,1.0,1.793103448275862,1.5909090909090908,0.0,0.423,Medium,1.6160955126112917,0.0
Joe Root,256.0,167.0,24.0,7.0,31.0,3.0,153.29,85.33,55.67,18.56,22.16,0.0,1.1428571428571428,0.0,0.0,0.0,0.0,1.5384615384615385,1.0,1.2727272727272727,2.111111111111111,0.0,0.0,1.391304347826087,0.0,0.0,0.0,0.0,2.0,0.0,0.0,1.2142857142857142,2.0,1.4553571428571428,1.3111111111111111,0.526,Medium,1.5231476418765921,56.022
Johnson Charles,227.0,192.0,19.0,9.0,28.0,11.0,118.23,20.64,17.45,14.58,47.4,0.0,0.7407407407407407,0.0,0.0,0.7777777777777778,0.0,1.5,0.6,1.2857142857142858,1.1666666666666667,0.0,1.2,0.9333333333333333,0.0,0.0,1.68,0.0,2.4545454545454546,0.7,0.0,0.9090909090909091,0.0,1.2835820895522387,1.0601503759398496,0.74,High,1.6092618239709946,12.826
Jonny Bairstow,66.0,57.0,7.0,2.0,9.0,5.0,115.79,13.2,11.4,15.79,49.12,0.0,1.0,0.0,0.0,3.0,0.0,0.0,2.0,0.5,1.5,0.0,0.0,1.5,0.0,0.0,1.0,0.0,0.4,0.0,0.0,0.875,0.0,1.1666666666666667,1.1481481481481481,0.457,Medium,1.6452254913212452,8.023
Jos Buttler,773.0,476.0,66.0,34.0,100.0,14.0,162.39,55.21,34.0,21.01,34.03,1.9333333333333333,1.2291666666666667,0.0,0.0,2.0,0.0,1.35,1.9,1.903225806451613,1.5833333333333333,0.0,0.0,1.9555555555555555,0.0,0.0,1.325,0.0,0.975609756097561,0.0,0.0,1.3291139240506329,2.1449275362318843,1.4926829268292683,1.4241071428571428,0.772,High,1.7779911857209119,31.052
Josh Davey,48.0,33.0,1.0,3.0,4.0,4.0,145.45,12.0,8.25,12.12,24.24,0.0,0.3333333333333333,0.0,0.0,0.0,0.0,0.0,0.6666666666666666,0.0,2.0,0.0,0.0,0.75,0.0,0.0,1.8571428571428572,0.0,1.0,0.0,0.0,1.0,1.5555555555555556,0.75,0.0,0.342,Medium,1.6285271997532418,7.369
Josh Little,35.0,34.0,3.0,1.0,4.0,3.0,102.94,11.67,11.33,11.76,50.0,0.0,0.7142857142857143,0.0,0.0,0.0,0.0,0.0,0.0,0.75,0.5,0.0,0.0,0.0,0.0,0.0,2.142857142857143,0.0,0.0,0.0,0.0,1.0,0.8095238095238095,1.3846153846153846,0.0,0.161,Low,1.5469480044081139,7.544
KL Rahul,327.0,230.0,27.0,15.0,42.0,9.0,142.17,36.33,25.56,18.26,34.78,0.75,1.1333333333333333,0.0,2.4,1.5714285714285714,0.0,2.6,1.1538461538461537,0.7,1.7428571428571429,0.0,0.0,2.0,1.0,0.0,1.5294117647058822,0.0,0.5,1.4285714285714286,0.0,1.5161290322580645,1.4,1.7261904761904763,1.1986301369863013,0.886,High,1.7171619633044748,21.157
Kagiso Rabada,47.0,39.0,2.0,2.0,4.0,0.0,120.51,0.0,0.0,10.26,41.03,1.5,0.0,0.0,0.0,0.0,0.0,1.0,0.3333333333333333,1.2,1.0833333333333333,0.0,0.0,0.0,0.0,0.0,1.0,0.0,0.0,0.0,0.0,0.0,1.2777777777777777,0.2,0.0,0.331,Medium,1.5093206354144253,0.0
Kane Williamson,542.0,466.0,45.0,12.0,57.0,15.0,116.31,36.13,31.07,12.23,37.34,2.064516129032258,0.9629629629629629,0.0,0.0,1.0,0.0,0.6923076923076923,0.813953488372093,1.088235294117647,1.2753623188405796,0.0,0.0,1.8421052631578947,2.5,0.0,0.9130434782608695,0.0,0.9827586206896551,1.2727272727272727,0.0,1.1153846153846154,2.1515151515151514,1.155893536121673,0.9277777777777778,0.825,High,1.4013893403151925,25.782
Karim Janat,60.0,40.0,4.0,3.0,7.0,2.0,150.0,30.0,20.0,17.5,30.0,0.0,1.0,0.0,0.0,0.0,0.0,0.42857142857142855,0.0,1.6,0.0,0.0,0.0,2.2,0.0,0.0,2.25,0.0,1.0,0.0,0.0,1.1666666666666667,2.0588235294117645,0.7647058823529411,1.7142857142857142,0.375,Medium,1.718975872076303,17.452
Kashyap Prajapati,45.0,57.0,2.0,3.0,5.0,5.0,78.95,9.0,11.4,8.77,70.18,1.1666666666666667,1.0909090909090908,0.0,0.0,0.0,0.0,0.0,0.0,0.0,0.23076923076923078,0.0,0.0,0.0,0.0,0.0,0.6,0.0,0.0,0.0,0.0,1.0,0.0,0.0,0.7258064516129032,0.212,Low,1.4617455861558875,6.157
Kevin O'Brien,56.0,51.0,6.0,0.0,6.0,5.0,109.8,11.2,10.2,11.76,41.18,0.6,1.6666666666666667,0.0,0.0,1.3571428571428572,0.0,0.0,0.0,0.0,0.5714285714285714,0.0,0.0,0.0,0.0,0.0,0.6363636363636364,0.0,0.0,0.0,0.0,1.4444444444444444,1.1666666666666667,0.75,1.0909090909090908,0.3,Low,1.2467664999389827,8.983
Khalid Kail,49.0,61.0,2.0,1.0,3.0,4.0,80.33,12.25,15.25,4.92,45.9,0.4444444444444444,0.0,0.5555555555555556,0.0,0.0,0.0,0.0,1.0,0.5,1.0,0.0,0.0,0.0,0.0,0.0,1.2222222222222223,0.0,1.1428571428571428,0.0,0.0,0.6153846153846154,1.6666666666666667,0.7045454545454546,0.6666666666666666,0.489,Medium,1.0884956798515675,11.254
Khalid Latif,50.0,48.0,4.0,1.0,5.0,2.0,104.17,25.0,24.0,10.42,35.42,0.0,1.2857142857142858,0.0,0.0,0.0,0.0,0.5,0.875,1.6666666666666667,1.3076923076923077,0.0,0.0,1.0,0.0,0.0,0.0,0.0,0.5,0.0,0.0,0.0,0.7142857142857143,1.2333333333333334,0.7272727272727273,0.397,Medium,1.3039764606499145,19.172
Khawar Ali,45.0,40.0,4.0,3.0,7.0,2.0,112.5,22.5,20.0,17.5,62.5,0.0,0.0,0.0,0.0,0.0,0.0,0.0,0.0,0.8888888888888888,1.0,0.0,0.0,0.0,0.0,0.0,1.2,0.0,1.4,0.0,0.0,0.0,0.0,2.2,0.71875,0.174,Low,1.826536868994959,12.318
Kieron Pollard,93.0,80.0,6.0,2.0,8.0,5.0,116.25,18.6,16.0,10.0,35.0,0.9090909090909091,1.0,0.0,0.0,0.6666666666666666,2.0,0.0,1.1666666666666667,1.2307692307692308,1.0,0.0,0.0,1.0,0.0,0.0,1.6666666666666667,0.0,0.0,0.0,0.0,0.8333333333333334,1.7666666666666666,0.7272727272727273,0.0,0.651,Medium,1.287518186757955,14.446
Kiplin Doriga,139.0,106.0,8.0,4.0,12.0,5.0,131.13,27.8,21.2,11.32,35.85,0.0,1.8461538461538463,0.0,0.0,0.0,0.9090909090909091,2.125,1.4444444444444444,1.6470588235294117,2.5,0.0,0.3333333333333333,0.9,0.0,0.0,0.8,0.0,0.6666666666666666,0.0,0.0,0.7222222222222222,1.540983606557377,0.9183673469387755,0.0,0.622,Medium,1.4534552538802754,19.127
Kusal Mendis,260.0,194.0,20.0,10.0,30.0,9.0,134.02,28.89,21.56,15.46,39.69,0.0,1.5476190476190477,0.0,0.0,0.5714285714285714,0.0,0.0,1.0666666666666667,1.2222222222222223,1.5128205128205128,0.0,0.0,0.0,0.0,0.0,1.12,0.0,0.875,0.0,2.125,1.1071428571428572,2.3333333333333335,1.5970149253731343,1.056,0.574,Medium,1.6119578034796709,17.922
Kusal Perera,126.0,101.0,15.0,2.0,17.0,8.0,124.75,15.75,12.62,16.83,42.57,1.7272727272727273,2.0,0.0,0.0,0.0,0.0,1.0,0.6666666666666666,0.95,1.8571428571428572,0.0,0.0,1.8571428571428572,0.0,0.0,0.9230769230769231,0.0,0.6,0.0,0.0,0.3333333333333333,0.0,1.3888888888888888,1.188235294117647,0.575,Medium,1.52065542393153,10.357
Kyle Coetzer,154.0,130.0,16.0,4.0,20.0,9.0,118.46,17.11,14.44,15.38,48.46,1.2,1.1818181818181819,0.0,0.0,1.25,0.0,1.25,0.5,0.5,0.5,0.0,0.0,0.0,0.0,0.0,1.2564102564102564,0.0,1.1538461538461537,0.0,0.0,1.4375,0.0,1.5925925925925926,1.0373831775700935,0.647,Medium,1.548744156228567,11.048
Kyle Mayers,35.0,30.0,5.0,1.0,6.0,3.0,116.67,11.67,10.0,20.0,53.33,0.0,0.5714285714285714,0.0,0.0,0.0,0.0,0.0,0.0,0.0,1.25,0.0,0.0,0.0,0.0,0.0,2.5,0.0,0.0,0.0,0.0,0.25,0.0,0.0,1.1290322580645162,0.0,Low,1.6880350605338144,6.913
Lega Siaka,24.0,33.0,2.0,0.0,2.0,5.0,72.73,4.8,6.6,6.06,57.58,0.0,0.2,0.0,0.0,0.0,0.0,0.0,0.0,0.0,0.8,0.0,0.0,0.3333333333333333,0.0,0.0,0.7272727272727273,0.0,0.0,0.0,0.0,1.6666666666666667,0.0,0.0,0.6857142857142857,0.115,Low,1.0224373581107569,4.695
Lendl Simmons,106.0,92.0,7.0,5.0,12.0,3.0,115.22,35.33,30.67,13.04,42.39,0.0,0.0,0.0,0.0,1.5,0.75,0.0,0.0,1.0,1.0,0.0,0.0,0.8,0.0,0.0,1.7142857142857142,0.0,0.6470588235294118,0.0,0.0,1.5384615384615385,1.9285714285714286,1.1428571428571428,0.7419354838709677,0.497,Medium,1.574214551056115,22.443
Liam Livingstone,115.0,83.0,5.0,6.0,11.0,5.0,138.55,23.0,16.6,13.25,27.71,0.0,1.7857142857142858,0.0,0.0,0.0,0.3333333333333333,0.5714285714285714,1.75,1.6,0.6666666666666666,0.0,0.0,0.0,0.0,0.0,1.3571428571428572,0.0,1.2307692307692308,0.0,0.0,0.0,1.588235294117647,0.9705882352941176,1.0,0.449,Medium,1.5912293813000213,14.454
Litton Das,263.0,238.0,20.0,6.0,26.0,14.0,110.5,18.79,17.0,10.92,39.08,1.3333333333333333,1.25,0.8333333333333334,0.0,1.1724137931034482,0.7142857142857143,0.3333333333333333,1.0,1.098360655737705,0.875,0.0,0.0,1.75,0.0,0.0,1.0625,0.0,1.2413793103448276,0.0,0.0,0.9310344827586207,0.0,0.7901234567901234,1.2208588957055215,0.88,High,1.357073363682592,13.846
Logan van Beek,59.0,64.0,3.0,0.0,3.0,5.0,92.19,11.8,12.8,4.69,34.38,1.0,0.6666666666666666,0.0,0.0,1.75,0.0,0.0,0.0,0.8421052631578947,0.6666666666666666,0.0,0.0,1.0,0.0,0.0,1.2857142857142858,0.0,1.0,0.0,1.0,0.7272727272727273,1.0208333333333333,0.5882352941176471,0.0,0.659,Medium,0.930777177334164,12.678
Lorcan Tucker,214.0,181.0,16.0,4.0,20.0,6.0,118.23,35.67,30.17,11.05,38.12,1.9444444444444444,1.6363636363636365,0.0,0.0,1.6153846153846154,0.0,0.8888888888888888,0.9,0.9615384615384616,0.9310344827586207,0.0,0.0,1.0,0.0,0.0,1.05,0.0,0.5,1.0,0.0,1.037037037037037,2.0,1.0,1.126984126984127,0.79,High,1.3392101064706696,26.635
Luke Jongwe,57.0,40.0,6.0,1.0,7.0,3.0,142.5,19.0,13.33,17.5,30.0,0.0,1.0,0.0,0.0,0.0,0.0,0.0,0.0,0.0,1.7826086956521738,0.0,0.0,0.0,0.0,0.0,0.6666666666666666,0.0,0.0,0.0,0.0,0.9090909090909091,1.8636363636363635,0.8,0.0,0.127,Low,1.527335134553127,12.44
Luke Ronchi,49.0,32.0,3.0,2.0,5.0,4.0,153.12,12.25,8.0,15.62,21.88,2.6666666666666665,1.0,0.0,0.0,2.8,0.0,0.0,1.0,0.6666666666666666,0.8,0.0,0.0,1.0,0.0,0.0,2.0,0.0,0.0,0.0,0.0,1.25,1.53125,0.0,0.0,0.488,Medium,1.6061248696082735,7.627
MS Dhoni,87.0,69.0,5.0,2.0,7.0,1.0,126.09,87.0,69.0,10.14,21.74,2.6666666666666665,1.5555555555555556,0.0,0.0,0.75,0.0,1.8571428571428572,0.75,1.0,1.5,0.0,0.0,1.0,0.0,0.0,1.6666666666666667,0.0,0.625,0.0,0.0,0.875,1.5,0.9629629629629629,0.3333333333333333,0.659,Medium,1.290272572997427,67.428
Mahedi Hasan,53.0,45.0,5.0,2.0,7.0,3.0,117.78,17.67,15.0,15.56,44.44,1.25,0.0,0.0,0.0,0.0,1.5,1.5,0.0,0.3333333333333333,1.0,0.0,0.0,0.0,0.0,0.0,1.3076923076923077,0.0,0.0,0.0,0.0,1.4,1.5555555555555556,0.7333333333333333,0.0,0.424,Medium,1.6050945462543504,11.009
Maheesh Theekshana,29.0,38.0,2.0,1.0,3.0,4.0,76.32,7.25,9.5,7.89,63.16,0.0,1.1428571428571428,0.0,0.0,1.0,0.0,0.0,0.0,1.3333333333333333,0.0,0.0,0.0,0.0,0.0,0.0,0.42105263157894735,0.0,1.0,0.0,0.0,0.0,0.8285714285714286,0.0,0.0,0.249,Low,1.3006408676751116,5.574
Mahmudullah,294.0,242.0,22.0,9.0,31.0,13.0,121.49,22.62,18.62,12.81,36.36,1.2727272727272727,2.0,2.0,0.0,1.1428571428571428,0.0,0.8695652173913043,0.6,1.0952380952380953,1.119047619047619,0.0,0.0,1.4,0.0,0.0,1.4375,0.0,1.3571428571428572,0.6666666666666666,0.0,1.04,1.5233644859813085,0.8880597014925373,1.0909090909090908,0.868,High,1.4517471271249474,15.581
Malcolm Waller,48.0,51.0,2.0,0.0,2.0,3.0,94.12,16.0,17.0,3.92,41.18,0.0,0.0,0.0,0.0,0.0,0.0,0.4,1.0,0.0,0.0,0.0,0.0,0.0,0.0,0.0,0.7857142857142857,0.0,1.0,0.0,0.0,1.0625,0.8333333333333334,0.9148936170212766,0.0,0.256,Low,0.9660417044548382,16.562
Marcus Stoinis,316.0,186.0,18.0,20.0,38.0,5.0,169.89,63.2,37.2,20.43,27.42,1.0,0.0,0.0,0.0,2.2857142857142856,0.3333333333333333,1.9583333333333333,1.6666666666666667,1.7307692307692308,1.4705882352941178,0.0,0.0,2.857142857142857,0.0,0.0,2.0,0.0,2.5833333333333335,2.25,0.625,0.6296296296296297,1.8735632183908046,1.530612244897959,0.375,0.787,High,1.863312740685997,33.918
Mark Adair,75.0,64.0,4.0,2.0,6.0,8.0,117.19,9.38,8.0,9.38,35.94,1.0,1.3333333333333333,0.0,0.0,2.0833333333333335,0.0,0.5,0.8333333333333334,1.25,1.1428571428571428,0.0,0.0,0.9166666666666666,0.0,0.0,0.6,0.0,1.0,0.6666666666666666,0.0,1.2,1.3714285714285714,0.9,0.0,0.767,High,1.3832792698734189,6.781
Mark Chapman,72.0,75.0,3.0,2.0,5.0,4.0,96.0,18.0,18.75,6.67,41.33,0.0,0.0,1.6666666666666667,0.0,0.0,0.0,0.6666666666666666,0.75,0.0,1.5,0.0,0.0,0.0,0.0,0.0,0.6428571428571429,0.0,0.7857142857142857,1.0,0.0,1.096774193548387,1.2222222222222223,0.9523809523809523,0.25,0.491,Medium,1.2425214883947913,14.487
Mark Watt,53.0,48.0,5.0,0.0,5.0,5.0,110.42,10.6,9.6,10.42,35.42,0.0,1.75,0.0,0.0,0.5,0.0,0.0,0.5,0.5714285714285714,1.8,0.0,0.0,0.0,0.0,0.0,0.6666666666666666,0.0,1.1538461538461537,0.0,0.0,1.3333333333333333,1.096774193548387,1.0555555555555556,0.0,0.43,Medium,1.1873769180753984,8.927
Marlon Samuels,188.0,160.0,26.0,2.0,28.0,5.0,117.5,37.6,32.0,17.5,42.5,0.0,1.15,0.0,0.0,0.0,0.0,0.5,0.9,1.4482758620689655,1.6122448979591837,0.0,0.0,0.0,0.0,0.0,0.8461538461538461,0.0,0.0,1.6666666666666667,0.0,0.47058823529411764,1.4074074074074074,0.9868421052631579,1.2096774193548387,0.469,Medium,1.4646108685601473,25.672
Martin Guptill,360.0,260.0,36.0,16.0,52.0,11.0,138.46,32.73,23.64,20.0,42.69,1.0416666666666667,1.263157894736842,0.0,0.0,1.0,0.0,1.5833333333333333,1.3,1.2222222222222223,1.0,0.0,0.0,1.0,0.0,0.0,1.894736842105263,0.0,1.2272727272727273,0.0,0.0,1.5135135135135136,2.1538461538461537,1.2345679012345678,1.3257142857142856,0.773,High,1.7536907917930618,18.663
Matt Machan,65.0,40.0,3.0,2.0,5.0,1.0,162.5,65.0,40.0,12.5,25.0,0.0,0.0,0.0,0.0,0.0,0.0,0.8333333333333334,1.5,0.0,1.7142857142857142,0.0,0.0,0.0,0.0,0.0,3.0,0.0,1.1666666666666667,0.0,0.0,1.8181818181818181,1.4666666666666666,1.7,1.5,0.31,Low,1.6275074463131893,39.938
Matthew Cross,216.0,224.0,15.0,6.0,21.0,11.0,96.43,19.64,20.36,9.38,43.3,1.8461538461538463,0.625,0.5555555555555556,1.0,0.36363636363636365,0.0,1.0344827586206897,0.4,1.105263157894737,1.16,1.0,0.0,0.0,0.0,0.0,0.5882352941176471,0.0,1.2857142857142858,0.0,0.875,1.0851063829787233,0.7142857142857143,0.9316239316239316,0.9902912621359223,0.888,High,1.3211468609159487,14.866
Matthew Wade,99.0,68.0,11.0,2.0,13.0,3.0,145.59,33.0,22.67,19.12,30.88,1.7,0.6666666666666666,0.0,0.0,0.0,1.0,1.1666666666666667,1.3333333333333333,1.5333333333333334,2.0,0.0,0.0,0.0,0.0,0.0,1.4615384615384615,0.0,0.0,0.5714285714285714,0.0,1.0,1.6744186046511629,0.9310344827586207,0.0,0.646,Medium,1.523871089886395,21.655
Max O'Dowd,443.0,377.0,41.0,9.0,50.0,14.0,117.51,31.64,26.93,13.26,40.05,1.0,1.32,0.0,0.0,1.2,0.0,1.28125,0.0,0.8958333333333334,1.1666666666666667,0.0,0.0,1.2692307692307692,0.5,0.6666666666666666,0.8571428571428571,0.0,1.119047619047619,1.0,1.1818181818181819,1.3191489361702127,1.3829787234042554,1.1818181818181819,1.0223463687150838,1.0,High,1.434988071939152,22.049
Mehran Khan,56.0,44.0,4.0,2.0,6.0,6.0,127.27,9.33,7.33,13.64,29.55,0.0,0.0,1.0,0.0,0.0,0.0,0.25,1.0,0.0,1.7619047619047619,0.0,0.0,0.0,0.0,0.0,1.2,0.0,0.8333333333333334,0.0,0.0,0.5,1.3448275862068966,1.0625,0.0,0.361,Medium,1.494772034239146,6.242
Michael Jones,201.0,138.0,18.0,9.0,27.0,5.0,145.65,40.2,27.6,19.57,36.96,1.2,1.2173913043478262,2.6666666666666665,0.0,0.4444444444444444,0.0,2.6,2.1,1.0,1.5714285714285714,0.0,0.0,1.5,0.0,0.0,0.8333333333333334,0.0,0.7142857142857143,0.0,1.1428571428571428,1.75,2.6666666666666665,1.3409090909090908,1.2790697674418605,0.791,High,1.7554088964019396,22.901
Michael Leask,218.0,140.0,16.0,11.0,27.0,11.0,155.71,19.82,12.73,19.29,31.43,1.7142857142857142,1.1818181818181819,2.25,3.0,1.5,0.0,1.625,1.4,2.0833333333333335,1.2903225806451613,0.0,0.0,0.0,0.0,0.0,1.608695652173913,0.0,1.6363636363636365,0.0,0.0,0.6666666666666666,1.8059701492537314,1.421875,0.42857142857142855,0.793,High,1.752474987660446,11.31
Michael van Lingen,127.0,119.0,13.0,2.0,15.0,10.0,106.72,12.7,11.9,12.61,51.26,4.0,0.8,0.0,0.0,0.0,0.0,0.0,0.0,1.1904761904761905,0.8888888888888888,0.0,0.0,1.25,0.0,0.0,0.7931034482758621,0.0,1.32,0.0,0.0,1.2857142857142858,0.0,1.1428571428571428,1.0347826086956522,0.339,Medium,1.451118354603744,8.752
Milton Shumba,74.0,81.0,5.0,0.0,5.0,6.0,91.36,12.33,13.5,6.17,43.21,1.0,0.6,0.0,0.0,0.0,0.0,0.5,0.0,0.9230769230769231,1.0,0.0,0.0,0.0,0.0,0.0,0.8888888888888888,0.0,0.8333333333333334,0.0,1.5,0.8181818181818182,0.9333333333333333,0.8809523809523809,0.8846153846153846,0.59,Medium,1.082139346700481,11.394
Mitchell Marsh,405.0,290.0,33.0,19.0,52.0,11.0,139.66,36.82,26.36,17.93,37.24,0.6666666666666666,0.8571428571428571,0.0,0.0,1.0,0.3333333333333333,1.457142857142857,1.0555555555555556,1.7727272727272727,1.25,0.0,0.0,1.6538461538461537,0.0,0.0,1.3396226415094339,0.0,0.875,0.5,1.2,1.4464285714285714,1.1724137931034482,1.471698113207547,1.2232142857142858,0.916,High,1.7001377083709281,21.657
Mitchell Santner,107.0,71.0,4.0,5.0,9.0,6.0,150.7,17.83,11.83,12.68,28.17,1.0,0.75,0.0,0.0,0.8571428571428571,0.0,0.0,0.5,1.3571428571428572,2.2222222222222223,0.0,0.0,0.0,0.0,0.0,1.2727272727272727,0.0,0.8333333333333334,0.0,0.0,1.625,1.5272727272727273,1.0454545454545454,0.0,0.534,Medium,1.5740982728286739,11.327
Moeen Ali,250.0,177.0,17.0,10.0,27.0,8.0,141.24,31.25,22.12,15.25,31.07,0.0,1.3636363636363635,0.0,0.0,0.0,1.1666666666666667,0.9354838709677419,1.4444444444444444,1.0,1.5,0.0,0.0,1.6666666666666667,0.0,0.0,1.1111111111111112,0.0,1.6129032258064515,0.0,0.0,1.8125,1.5211267605633803,1.205607476635514,1.1818181818181819,0.698,High,1.5732338447871885,19.864
Mohammad Hafeez,144.0,96.0,14.0,4.0,18.0,4.0,150.0,36.0,24.0,18.75,29.17,2.0,2.5,0.0,0.0,1.3333333333333333,0.0,0.6363636363636364,0.6666666666666666,1.2,1.3333333333333333,0.0,0.0,0.0,0.0,0.0,2.0526315789473686,0.0,1.1428571428571428,0.0,0.0,1.5454545454545454,1.64,1.4166666666666667,1.5,0.622,Medium,1.5950013196301727,22.571
Mohammad Haris,90.0,63.0,5.0,5.0,10.0,4.0,142.86,22.5,15.75,15.87,34.92,0.0,1.3,0.0,0.0,0.625,0.0,0.4,0.0,2.8461538461538463,1.5,0.0,0.0,0.0,0.0,0.0,0.6666666666666666,0.0,0.0,0.0,0.0,0.8333333333333334,1.4736842105263157,1.3448275862068966,1.3529411764705883,0.281,Low,1.7202135377285623,13.08
Mohammad Mithun,40.0,46.0,2.0,1.0,3.0,5.0,86.96,8.0,9.2,6.52,43.48,0.5,0.4,0.0,0.0,0.42857142857142855,0.0,0.0,0.0,0.75,0.8,0.0,0.0,2.2,0.0,0.0,0.0,0.0,0.5,0.0,0.0,1.1428571428571428,0.5,1.3636363636363635,0.71875,0.346,Medium,1.1791434511737253,6.785
Mohammad Nabi,293.0,232.0,23.0,5.0,28.0,12.0,126.29,24.42,19.33,12.07,31.03,1.2142857142857142,1.0,0.0,0.0,2.5,0.0,0.8823529411764706,0.6666666666666666,1.0512820512820513,1.2857142857142858,0.0,0.8571428571428571,1.24,1.0,0.0,1.26,0.0,1.3157894736842106,1.75,0.0,1.4,1.5242718446601942,0.9855072463768116,0.0,0.932,High,1.3490429987395263,18.102
Mohammad Nadeem,46.0,42.0,1.0,3.0,4.0,2.0,109.52,23.0,21.0,9.52,42.86,0.0,1.5,0.3333333333333333,0.0,0.0,0.0,0.5,0.0,0.0,1.8,0.0,0.0,0.0,0.0,0.0,0.7142857142857143,0.0,0.6666666666666666,0.0,0.0,1.0714285714285714,1.0666666666666667,1.0384615384615385,1.0,0.34,Medium,1.554506508914623,14.796
Mohammad Naim,163.0,135.0,13.0,4.0,17.0,6.0,120.74,27.17,22.5,12.59,37.04,0.5,0.0,0.0,0.0,0.9333333333333333,0.0,1.0,0.0,1.2727272727272727,1.0,0.0,0.0,1.1578947368421053,0.0,0.0,1.2592592592592593,0.0,1.125,0.0,0.8,1.6666666666666667,1.75,1.4074074074074074,0.9240506329113924,0.674,High,1.4156456777399309,19.193
Mohammad Nawaz,80.0,64.0,7.0,2.0,9.0,5.0,125.0,16.0,12.8,14.06,45.31,0.0,1.8571428571428572,0.0,0.0,0.6,1.4,0.0,0.0,0.8461538461538461,1.3333333333333333,0.0,0.0,0.0,0.0,0.0,2.0,0.0,0.6666666666666666,1.0,0.0,0.7142857142857143,1.3076923076923077,1.0952380952380953,0.0,0.537,Medium,1.5350742747413828,10.423
Mohammad Rizwan,569.0,481.0,40.0,18.0,58.0,13.0,118.3,43.77,37.0,12.06,38.25,0.95,1.105263157894737,0.0,0.0,1.4324324324324325,0.0,1.3333333333333333,1.4782608695652173,1.2027027027027026,1.164179104477612,0.0,0.0,0.9666666666666667,1.8,0.0,1.1153846153846154,0.0,1.0,0.0,0.0,1.0,2.1136363636363638,1.1505376344086022,0.9924242424242424,0.854,High,1.4632851979831847,29.912
Mohammad Shahzad,305.0,227.0,29.0,15.0,44.0,11.0,134.36,27.73,20.64,19.38,45.81,0.8888888888888888,1.0,0.0,0.0,0.8,0.0,0.375,0.0,1.3888888888888888,1.813953488372093,0.0,0.0,1.0,1.0,0.0,1.1346153846153846,0.0,2.0,0.0,0.0,1.3137254901960784,0.0,1.4285714285714286,1.2573099415204678,0.701,High,1.771807429248504,15.651
Monank Patel,70.0,54.0,9.0,1.0,10.0,2.0,129.63,35.0,27.0,18.52,44.44,1.5833333333333333,1.25,0.0,0.0,2.5,0.0,1.1666666666666667,0.0,0.7272727272727273,0.4,0.0,0.0,0.6666666666666666,0.0,0.0,0.0,0.0,2.25,0.0,0.0,0.5,0.0,1.2307692307692308,1.1875,0.459,Medium,1.5304926473187226,22.868
Mosaddek Hossain,42.0,39.0,2.0,2.0,4.0,4.0,107.69,10.5,9.75,10.26,51.28,0.0,0.8571428571428571,0.0,0.0,0.0,0.0,0.0,0.0,0.3333333333333333,1.6923076923076923,0.0,0.0,0.0,0.0,0.0,2.0,0.0,0.25,1.2,0.0,0.0,1.2307692307692308,0.7692307692307693,0.0,0.227,Low,1.6284415440377888,6.448
Muhammad Waseem,99.0,91.0,2.0,5.0,7.0,3.0,108.79,33.0,30.33,7.69,42.86,0.7272727272727273,1.5333333333333334,0.0,0.0,2.0,0.0,0.0,0.0,0.0,0.7894736842105263,0.0,0.0,0.0,0.0,0.0,1.25,0.0,1.0,0.0,0.0,0.8461538461538461,1.0,1.1578947368421053,0.8611111111111112,0.407,Medium,1.4433692076710156,22.863
Mushfiqur Rahim,179.0,154.0,15.0,4.0,19.0,8.0,116.23,22.38,19.25,12.34,37.66,1.0,2.25,0.0,0.0,2.0,0.0,1.391304347826087,0.2857142857142857,1.0588235294117647,0.9090909090909091,0.0,0.0,1.1,0.0,0.0,0.75,0.0,1.2857142857142858,0.6666666666666666,0.0,1.0666666666666667,1.4864864864864864,1.148936170212766,0.5161290322580645,0.727,High,1.3678110757787716,16.362
Najibullah Zadran,314.0,225.0,25.0,13.0,38.0,11.0,139.56,28.55,20.45,16.89,37.78,0.0,1.0909090909090908,0.0,0.0,0.4,0.0,1.5,0.5,0.9655172413793104,1.6666666666666667,0.0,0.5,1.391304347826087,0.75,0.0,1.5,0.0,1.0909090909090908,0.0,0.0,1.8620689655172413,1.6352941176470588,1.1843971631205674,1.1428571428571428,0.743,High,1.6542020705338136,17.259
Najmul Hossain Shanto,213.0,196.0,20.0,3.0,23.0,9.0,108.67,23.67,21.78,11.73,42.35,1.0,1.2142857142857142,0.0,0.0,0.8,0.0,1.2666666666666666,0.0,1.075,1.2571428571428571,0.0,0.0,0.375,0.0,0.0,1.0,0.0,1.096774193548387,1.0,0.0,0.6666666666666666,2.5714285714285716,1.123456790123457,0.896551724137931,0.754,High,1.3253922947035195,17.859
Navneet Dhaliwal,73.0,61.0,8.0,3.0,11.0,3.0,119.67,24.33,20.33,18.03,49.18,0.0,0.9047619047619048,0.0,0.0,0.0,0.0,0.0,0.0,0.0,0.375,0.0,0.0,1.5714285714285714,0.0,0.0,0.0,0.0,2.3333333333333335,0.0,0.0,1.5714285714285714,0.0,1.5769230769230769,0.8888888888888888,0.19,Low,1.703652715595803,14.281
Nicholas Kirton,103.0,72.0,6.0,4.0,10.0,2.0,143.06,51.5,36.0,13.89,29.17,0.16666666666666666,1.5555555555555556,0.0,0.0,1.7142857142857142,0.0,0.0,1.2,1.0,1.35,0.0,0.0,2.272727272727273,0.0,0.0,0.8571428571428571,0.0,2.6666666666666665,0.0,0.0,0.6,1.625,1.4318181818181819,0.16666666666666666,0.55,Medium,1.5599224389532307,33.014
Nicholas Pooran,170.0,134.0,13.0,8.0,21.0,9.0,126.87,18.89,14.89,15.67,42.54,0.3333333333333333,1.7857142857142858,0.5,0.0,2.0,2.2,1.0,0.0,1.4285714285714286,0.5,0.0,1.4,0.2727272727272727,0.0,0.0,1.0555555555555556,0.0,1.2962962962962963,1.0,1.0,1.380952380952381,4.333333333333333,0.9135802469135802,1.4821428571428572,0.896,High,1.6481326441594715,11.461
Nikolaas Davin,47.0,50.0,6.0,1.0,7.0,3.0,94.0,15.67,16.67,14.0,58.0,0.0,1.2,0.0,0.0,0.75,0.0,0.0,0.0,0.0,1.25,0.0,0.0,0.6,0.0,0.0,0.6666666666666666,0.0,0.0,0.0,0.6666666666666666,1.125,0.0,0.6666666666666666,1.0,0.433,Medium,1.481123050322315,10.58
Nitish Kumar,43.0,37.0,3.0,1.0,4.0,1.0,116.22,43.0,37.0,10.81,35.14,0.5,1.0,0.0,0.0,0.0,0.0,1.0,0.0,1.2,0.0,0.0,0.0,2.5,0.0,0.0,1.625,0.0,0.0,0.0,0.0,0.8571428571428571,1.1666666666666667,1.1153846153846154,0.0,0.36,Medium,1.37881760218143,31.186
Noor Ali Zadran,131.0,129.0,9.0,2.0,11.0,5.0,101.55,26.2,25.8,8.53,41.86,0.0,0.875,0.0,0.0,0.0,0.0,0.75,0.6666666666666666,0.625,1.0588235294117647,0.0,0.0,0.8,0.0,0.0,1.2857142857142858,0.0,1.0,0.0,0.0,0.875,0.0,0.7833333333333333,1.135135135135135,0.616,Medium,1.2352371414614405,21.21
Norman Vanua,53.0,56.0,2.0,2.0,4.0,5.0,94.64,10.6,11.2,7.14,42.86,0.0,0.0,0.0,0.0,0.0,0.0,1.4,0.0,0.0,3.4,0.0,0.6666666666666666,0.6,0.0,0.0,0.4,0.0,0.5,0.0,0.0,0.6666666666666666,0.5,1.125,0.0,0.169,Low,1.3269190953913828,7.988
Nurul Hasan,66.0,67.0,2.0,1.0,3.0,7.0,98.51,9.43,9.57,4.48,37.31,0.5454545454545454,1.2,0.0,0.0,2.272727272727273,0.2,1.0,0.5,0.0,0.625,0.0,0.0,0.0,0.0,0.0,0.5,0.0,0.0,1.25,0.0,1.0,0.9655172413793104,0.95,0.0,0.505,Medium,1.0905312063487502,8.647
Pathum Nissanka,518.0,415.0,38.0,14.0,52.0,17.0,124.82,30.47,24.41,12.53,34.46,0.75,1.0,0.0,0.0,1.2307692307692308,1.0,0.9047619047619048,1.5,1.3658536585365855,1.1527777777777777,0.0,0.0,1.1538461538461537,0.0,0.0,1.3043478260869565,0.0,1.027027027027027,2.0,1.7142857142857142,1.325,1.5897435897435896,1.2758620689655173,1.0833333333333333,0.986,High,1.450536583391579,21.006
Paul Stirling,312.0,248.0,29.0,10.0,39.0,12.0,125.81,26.0,20.67,15.73,41.94,1.125,0.9375,0.0,0.0,1.0810810810810811,0.0,0.5,0.0,1.4565217391304348,1.2758620689655173,0.0,0.0,0.0,0.0,0.0,1.2,0.0,1.125,0.0,0.0,1.391304347826087,0.6666666666666666,1.0476190476190477,1.3114754098360655,0.611,Medium,1.5876725196473467,16.376
Paul van Meekeren,49.0,31.0,6.0,1.0,7.0,3.0,158.06,16.33,10.33,22.58,38.71,0.0,1.0,0.0,0.0,2.6,0.0,0.0,0.0,0.8888888888888888,1.6666666666666667,0.0,0.0,0.0,0.0,0.0,1.7,0.0,0.0,0.0,0.0,0.0,1.6333333333333333,0.0,0.0,0.226,Low,1.679308118713108,9.724
Peter Borren,55.0,37.0,6.0,0.0,6.0,2.0,148.65,27.5,18.5,16.22,27.03,0.0,0.0,0.0,0.0,0.0,0.0,0.0,0.0,0.0,1.0,0.0,0.0,0.0,0.0,0.0,2.25,0.0,2.25,0.0,0.0,1.4,2.0,1.2727272727272727,1.6666666666666667,0.145,Low,1.464802254792655,18.774
Phil Salt,62.0,35.0,6.0,4.0,10.0,3.0,177.14,20.67,11.67,28.57,37.14,1.8333333333333333,0.0,0.0,0.0,4.0,0.0,0.0,0.0,1.5454545454545454,1.4285714285714286,0.0,0.0,1.0,0.0,0.0,0.0,0.0,0.0,0.0,0.0,0.0,0.0,2.0,1.7419354838709677,0.174,Low,2.087578308298233,9.901
Pieter Seelaar,28.0,40.0,2.0,0.0,2.0,2.0,70.0,14.0,20.0,5.0,50.0,0.0,0.2222222222222222,0.0,0.0,0.0,0.0,0.875,0.0,0.75,0.5,0.0,0.0,0.0,0.0,0.0,0.875,0.0,0.0,0.0,1.2,0.0,0.8947368421052632,0.55,0.0,0.305,Low,0.9660917830792959,14.491
Pratik Athavale,62.0,44.0,6.0,2.0,8.0,3.0,140.91,20.67,14.67,18.18,36.36,0.0,1.0,0.0,0.0,0.0,0.0,0.0,0.0,1.6666666666666667,1.5,0.0,0.0,0.0,0.0,0.0,2.0,0.0,1.6666666666666667,0.0,0.0,1.0,0.0,1.5789473684210527,1.28,0.359,Medium,1.6223082499854995,12.741
Preston Mommsen,49.0,45.0,2.0,0.0,2.0,1.0,108.89,49.0,45.0,4.44,26.67,0.0,0.0,0.0,0.0,0.0,0.0,1.0,0.8,0.0,0.8571428571428571,0.0,0.0,0.0,0.0,0.0,0.0,0.0,1.0,1.3333333333333333,0.0,1.1666666666666667,1.0,1.0571428571428572,0.0,0.375,Medium,0.9078748910292276,53.972
Quinton de Kock,400.0,278.0,45.0,14.0,59.0,14.0,143.88,28.57,19.86,21.22,42.09,0.0,1.7045454545454546,0.0,0.0,0.2,0.0,1.0769230769230769,0.5,1.6216216216216217,1.7045454545454546,0.0,0.0,1.1071428571428572,0.0,0.0,0.6666666666666666,0.0,1.5087719298245614,1.8,0.0,1.0833333333333333,1.6666666666666667,1.1720430107526882,1.4666666666666666,0.669,High,1.7242407837552658,16.57
Rahmanullah Gurbaz,291.0,209.0,16.0,18.0,34.0,11.0,139.23,26.45,19.0,16.27,40.67,4.0,1.25,2.0,0.0,0.0,0.0,1.5,0.0,1.4594594594594594,1.5862068965517242,0.0,0.75,1.7,0.5,0.0,1.2592592592592593,0.0,1.8,0.0,0.0,1.0454545454545454,2.2777777777777777,1.1235955056179776,1.4423076923076923,0.677,High,1.812218117910568,14.595
Rashid Khan,100.0,74.0,8.0,6.0,14.0,7.0,135.14,14.29,10.57,18.92,47.3,0.0,1.5,0.0,0.0,0.0,0.0,0.0,0.0,0.7647058823529411,1.8846153846153846,0.0,0.0,2.2222222222222223,0.0,0.0,0.9,0.0,0.5,0.0,0.0,0.0,1.607843137254902,0.5454545454545454,1.0,0.282,Low,1.8685019450610107,7.648
Rassie van der Dussen,180.0,149.0,8.0,6.0,14.0,2.0,120.81,90.0,74.5,9.4,29.53,0.0,0.0,0.0,0.0,0.6,0.0,1.0666666666666667,1.0,1.4137931034482758,1.4594594594594594,0.0,0.0,1.0,0.0,0.0,1.4285714285714286,0.0,0.9166666666666666,0.0,0.0,1.0,1.8695652173913044,1.0864197530864197,0.98,0.609,Medium,1.3805615737414378,65.191
Ravichandran Ashwin,38.0,40.0,2.0,1.0,3.0,2.0,95.0,19.0,20.0,7.5,40.0,0.0,2.5,0.0,0.0,1.4545454545454546,0.0,0.25,0.0,0.75,1.0,0.0,0.0,0.0,0.0,0.0,0.0,0.0,0.6666666666666666,0.0,0.0,0.7142857142857143,1.25,0.47058823529411764,0.0,0.287,Low,1.232684953717677,15.413
Ravindra Jadeja,52.0,44.0,5.0,1.0,6.0,4.0,118.18,13.0,11.0,13.64,36.36,0.0,0.9090909090909091,0.0,0.0,0.0,0.0,0.5,0.0,1.3333333333333333,0.0,0.0,0.0,0.0,0.0,0.0,2.0833333333333335,0.0,0.0,0.0,0.0,0.0,1.4516129032258065,0.5384615384615384,0.0,0.095,Low,1.4349901105360106,9.059
Reeza Hendricks,64.0,68.0,7.0,1.0,8.0,8.0,94.12,8.0,8.5,11.76,52.94,0.0,0.0,0.0,0.0,0.0,0.0,0.0,0.6666666666666666,1.0555555555555556,1.0,0.0,0.0,1.4285714285714286,0.0,0.0,0.2727272727272727,0.0,0.5555555555555556,0.0,0.0,1.5,0.0,0.8333333333333334,0.9473684210526315,0.374,Medium,1.3966224023326268,5.728
Regis Chakabva,54.0,63.0,5.0,1.0,6.0,8.0,85.71,6.75,7.88,9.52,60.32,0.0,0.3333333333333333,0.0,0.0,0.3333333333333333,0.0,0.0,0.0,0.23076923076923078,1.6363636363636365,0.0,0.0,1.5454545454545454,0.0,0.0,0.0,0.0,1.0,0.0,0.0,0.875,0.0,0.8421052631578947,0.8260869565217391,0.294,Low,1.3983162952416959,4.827
Richie Berrington,350.0,275.0,19.0,13.0,32.0,12.0,127.27,29.17,22.92,11.64,33.82,1.1818181818181819,1.0,2.6,0.0,0.4,0.0,1.34375,0.8888888888888888,1.0,1.0833333333333333,1.75,0.0,0.0,0.0,0.0,1.6304347826086956,0.0,0.5625,1.375,1.8,1.0,1.507936507936508,1.2698412698412698,0.46875,0.878,High,1.4737538568221575,19.793
Richmond Mutumbami,31.0,32.0,4.0,1.0,5.0,3.0,96.88,10.33,10.67,15.62,59.38,0.0,0.0,0.0,0.0,0.0,0.0,2.0,1.0,0.0,0.0,0.0,0.0,0.0,0.0,0.0,1.2222222222222223,0.0,1.25,0.0,0.0,0.2,0.0,1.25,0.84,0.185,Low,1.579940543568688,6.538
Rilee Rossouw,142.0,84.0,9.0,9.0,18.0,5.0,169.05,28.4,16.8,21.43,32.14,0.0,1.2727272727272727,0.0,0.0,0.0,0.0,0.0,0.0,1.9285714285714286,2.3333333333333335,0.0,0.0,0.0,0.0,0.0,0.0,0.0,1.3333333333333333,0.0,0.0,2.3157894736842106,1.5,1.8222222222222222,1.5,0.265,Low,1.9480651896672445,14.579
Rishabh Pant,193.0,147.0,13.0,8.0,21.0,6.0,131.29,32.17,24.5,14.29,37.41,0.5,1.3157894736842106,0.0,0.0,2.5,0.0,1.0,0.3333333333333333,1.3478260869565217,1.24,0.0,0.0,1.0,0.0,0.0,2.3333333333333335,0.0,0.8333333333333334,0.6666666666666666,0.0,1.0,2.0625,1.1568627450980393,1.105263157894737,0.675,High,1.5662248818352156,20.54
Rohit Paudel,40.0,37.0,5.0,0.0,5.0,1.0,108.11,40.0,37.0,13.51,48.65,0.0,0.0,0.0,0.0,0.0,0.0,0.0,0.0,0.0,1.0,0.0,0.0,0.0,0.0,0.0,1.5,0.0,0.0,0.0,0.0,0.5,0.3333333333333333,1.2083333333333333,0.9090909090909091,0.003,Low,1.4132073626282269,28.304
Rohit Sharma,459.0,358.0,44.0,19.0,63.0,18.0,128.21,25.5,19.89,17.6,44.13,1.125,1.2553191489361701,0.0,0.0,1.1176470588235294,0.0,0.75,2.0,1.1153846153846154,1.130952380952381,0.0,0.0,0.0,1.25,0.0,1.7755102040816326,0.0,2.25,0.3333333333333333,0.0,1.1914893617021276,0.0,1.423913043478261,1.1884057971014492,0.764,High,1.685405604210717,15.13
Ross Taylor,98.0,80.0,5.0,3.0,8.0,3.0,122.5,32.67,26.67,10.0,35.0,2.0,2.1538461538461537,0.0,0.0,0.0,0.0,0.75,0.6666666666666666,0.6,1.3333333333333333,0.0,0.0,0.5,0.0,0.0,1.375,0.0,0.8461538461538461,0.0,0.0,1.25,1.65,0.7441860465116279,0.0,0.579,Medium,1.4325874451942269,22.805
Roston Chase,86.0,70.0,8.0,2.0,10.0,4.0,122.86,21.5,17.5,14.29,34.29,0.0,1.5714285714285714,3.0,0.0,0.5714285714285714,0.0,1.8333333333333333,0.0,0.8823529411764706,0.0,0.0,0.0,0.0,0.0,0.0,1.0,0.0,1.5,0.0,0.0,0.7777777777777778,2.7,1.135135135135135,0.68,0.417,Medium,1.4402551504086212,14.928
Rovman Powell,73.0,64.0,4.0,2.0,6.0,7.0,114.06,10.43,9.14,9.38,43.75,0.0,1.5,1.25,0.0,0.0,0.0,0.8,1.0,1.0,1.4666666666666666,0.0,0.75,0.0,0.0,0.0,0.75,0.0,1.0,0.0,0.0,0.9,1.12,1.0731707317073171,0.2,0.683,High,1.330647865686008,7.838
Ruben Trumpelmann,67.0,53.0,5.0,3.0,8.0,3.0,126.42,22.33,17.67,15.09,41.51,0.0,0.5,0.0,0.0,0.0,0.0,2.8,1.4,1.5833333333333333,0.3333333333333333,0.0,0.0,0.7142857142857143,0.0,0.0,0.9523809523809523,0.0,0.0,0.0,0.0,0.0,1.4210526315789473,0.7647058823529411,0.0,0.282,Low,1.6294842298159424,13.704
Ryan Burl,109.0,96.0,11.0,2.0,13.0,4.0,113.54,27.25,24.0,13.54,41.67,1.0,0.8181818181818182,0.0,0.0,0.0,0.0,0.0,0.0,0.7368421052631579,0.631578947368421,0.0,0.0,0.0,0.0,0.0,1.1176470588235294,0.0,1.4210526315789473,0.0,0.0,2.0,0.9142857142857143,1.1846153846153846,0.0,0.396,Medium,1.4005410210040798,19.457
Ryan Campbell,41.0,47.0,6.0,0.0,6.0,3.0,87.23,13.67,15.67,12.77,59.57,0.0,0.0,0.0,0.0,0.0,0.0,1.0,0.0,1.125,0.75,0.0,0.0,0.0,0.0,0.0,0.0,0.0,1.25,0.0,0.0,0.0,0.0,0.0,0.8367346938775511,0.173,Low,1.3125506145083543,10.415
Sabbir Rahman,167.0,118.0,17.0,4.0,21.0,6.0,141.53,27.83,19.67,17.8,33.05,1.5,1.1,0.0,0.0,1.6,0.0,1.7142857142857142,1.3333333333333333,0.875,1.04,0.0,0.0,0.0,0.0,0.0,2.0,0.0,1.7142857142857142,0.0,0.0,1.3478260869565217,0.6666666666666666,1.6296296296296295,1.1846153846153846,0.69,High,1.5808817482717348,17.604
Samiullah Shinwari,136.0,94.0,11.0,3.0,14.0,5.0,144.68,27.2,18.8,14.89,26.6,0.0,0.0,0.0,0.0,0.0,0.0,0.7777777777777778,1.25,0.8333333333333334,1.696969696969697,0.0,0.0,0.0,0.0,0.0,2.142857142857143,0.0,1.0,0.8181818181818182,0.0,1.0,2.037037037037037,1.08,0.0,0.48,Medium,1.4095384634226857,19.297
Scott Edwards,163.0,163.0,13.0,2.0,15.0,11.0,100.0,14.82,14.82,9.2,40.49,1.5,0.5217391304347826,0.0,0.0,1.0,0.0,1.0833333333333333,1.3333333333333333,1.2777777777777777,0.7142857142857143,0.0,0.0,1.1818181818181819,0.0,0.0,1.0833333333333333,0.0,1.125,0.0,0.0,0.7916666666666666,1.1153846153846154,0.9056603773584906,1.125,0.756,High,1.2283168654770371,12.065
Sean Williams,245.0,193.0,23.0,2.0,25.0,10.0,126.94,24.5,19.3,12.95,32.12,0.6666666666666666,0.9090909090909091,0.0,0.0,0.5714285714285714,0.0,1.25,0.5555555555555556,1.25,1.2903225806451613,0.0,0.0,0.5555555555555556,0.0,0.0,1.2285714285714286,0.0,1.5238095238095237,0.0,1.8,1.6,1.7727272727272727,1.217741935483871,1.0185185185185186,0.769,High,1.3202615090433056,18.557
Sese Bau,104.0,106.0,10.0,2.0,12.0,6.0,98.11,17.33,17.67,11.32,50.0,0.0,0.0,0.0,0.0,0.0,0.0,0.0,0.0,0.5833333333333334,0.75,0.0,0.0,2.3333333333333335,0.0,0.0,0.8888888888888888,0.0,1.1,0.0,0.0,0.9772727272727273,0.3333333333333333,1.1216216216216217,0.625,0.267,Low,1.3634468921798044,12.71
Shadab Khan,149.0,90.0,8.0,8.0,16.0,6.0,165.56,24.83,15.0,17.78,30.0,0.0,0.5,0.0,0.0,1.0,2.6,1.3333333333333333,0.0,2.1176470588235294,1.45,0.0,0.0,2.25,0.0,0.0,0.4,0.0,0.0,2.0,0.0,1.2857142857142858,2.0,1.484375,0.4,0.584,Medium,1.7844042547116175,13.915
Shafiqullah,69.0,44.0,6.0,3.0,9.0,4.0,156.82,17.25,11.0,20.45,36.36,0.0,0.3333333333333333,0.0,0.0,0.0,0.0,0.0,0.0,0.75,2.05,0.0,0.0,1.5,0.0,0.0,1.6363636363636365,0.0,0.0,0.0,0.0,0.0,1.5,0.0,0.0,0.189,Low,1.7426998523004873,9.898
Shahid Afridi,89.0,47.0,6.0,7.0,13.0,4.0,189.36,22.25,11.75,27.66,34.04,0.0,2.5,0.0,0.0,0.0,0.0,2.0,1.75,1.3,2.6,0.0,0.0,0.0,0.0,0.0,1.6666666666666667,0.0,6.0,0.0,0.0,1.588235294117647,2.357142857142857,1.6,0.0,0.39,Medium,2.1667320764590308,10.269
Shakib Al Hasan,375.0,316.0,30.0,8.0,38.0,16.0,118.67,23.44,19.75,12.03,31.96,1.8181818181818181,1.1666666666666667,0.8,0.0,0.2857142857142857,0.0,0.4166666666666667,1.0,0.7058823529411765,1.2790697674418605,0.0,0.0,0.9090909090909091,0.0,0.0,1.1891891891891893,0.0,1.2647058823529411,2.0,1.8571428571428572,1.1515151515151516,1.5238095238095237,1.1162790697674418,1.0441176470588236,0.874,High,1.3429142948895898,17.455
Shamim Hossain,33.0,37.0,1.0,1.0,2.0,2.0,89.19,16.5,18.5,5.41,54.05,1.1666666666666667,0.0,0.0,0.0,0.0,0.375,0.0,1.2222222222222223,0.9,0.0,0.0,0.0,0.0,0.0,0.0,0.3333333333333333,0.0,0.0,0.0,0.0,0.5,1.0,0.8157894736842105,0.0,0.28,Low,1.2171319798650664,13.556
Shan Masood,191.0,146.0,12.0,1.0,13.0,4.0,130.82,47.75,36.5,8.9,26.03,0.0,1.0,0.0,0.0,1.0,0.0,1.0714285714285714,0.0,1.1379310344827587,1.3333333333333333,0.0,0.0,0.9,0.0,0.0,1.0666666666666667,0.0,1.375,1.411764705882353,0.0,1.75,1.4722222222222223,1.2197802197802199,0.9642857142857143,0.699,High,1.149925773091292,41.524
Shane Watson,99.0,63.0,8.0,4.0,12.0,2.0,157.14,49.5,31.5,19.05,23.81,1.8571428571428572,2.0588235294117645,0.0,0.0,0.8571428571428571,0.0,0.0,0.4,1.5714285714285714,0.0,0.0,0.0,1.6666666666666667,0.0,0.0,1.625,0.0,0.75,0.0,0.0,1.2222222222222223,1.9285714285714286,1.125,1.173913043478261,0.55,Medium,1.6270274899916728,30.424
Sharjeel Khan,120.0,78.0,18.0,3.0,21.0,4.0,153.85,30.0,19.5,26.92,46.15,0.0,2.4444444444444446,0.0,0.0,1.3,0.0,0.0,0.0,1.4444444444444444,1.1666666666666667,0.0,0.0,0.0,0.0,0.0,3.4,0.0,0.4166666666666667,0.0,0.0,1.4166666666666667,0.0,0.6,1.5394736842105263,0.335,Medium,1.8242197723349505,16.445
Sherfane Rutherford,95.0,62.0,4.0,7.0,11.0,2.0,153.23,47.5,31.0,17.74,30.65,0.0,0.6666666666666666,1.125,0.0,0.0,0.0,0.3333333333333333,0.0,0.8,0.0,0.0,1.6666666666666667,2.5555555555555554,0.0,0.0,1.1333333333333333,0.0,0.6666666666666666,0.0,0.0,3.125,2.0,1.1176470588235294,1.0,0.417,Medium,1.8740418272005792,25.346
Shikhar Dhawan,48.0,51.0,4.0,2.0,6.0,4.0,94.12,12.0,12.75,11.76,54.9,0.25,1.0666666666666667,0.0,0.0,0.0,0.0,0.0,0.0,0.75,1.3636363636363635,0.0,0.0,0.0,0.0,0.0,1.0,0.0,0.5555555555555556,0.0,0.0,0.75,0.0,0.5,0.9215686274509803,0.391,Medium,1.4840712058310335,8.086
Shimron Hetmyer,134.0,100.0,13.0,4.0,17.0,4.0,134.0,33.5,25.0,17.0,35.0,1.0,0.0,0.0,0.0,2.3333333333333335,0.0,1.0,0.7,1.8,0.7142857142857143,0.0,0.0,1.1666666666666667,0.0,0.0,2.0,0.0,0.7894736842105263,0.0,0.0,0.0,1.7142857142857142,1.1320754716981132,1.1304347826086956,0.525,Medium,1.5559037390238157,21.531
Shivam Dube,41.0,46.0,1.0,1.0,2.0,1.0,89.13,41.0,46.0,4.35,50.0,0.0,1.0,0.0,0.0,1.2,0.0,0.0,0.0,0.2,0.5555555555555556,0.0,0.0,1.1764705882352942,0.0,0.0,0.0,0.0,0.0,0.0,0.0,0.5,1.75,0.675,0.0,0.28,Low,1.4140568367603377,28.995
Shoaib Malik,198.0,112.0,11.0,11.0,22.0,3.0,176.79,66.0,37.33,19.64,17.86,0.0,1.1538461538461537,0.0,0.0,0.6,0.0,1.9090909090909092,1.7692307692307692,1.95,1.8333333333333333,0.0,0.0,1.75,0.0,0.0,1.7333333333333334,0.0,0.0,0.0,0.0,2.1333333333333333,1.930232558139535,1.1428571428571428,0.0,0.6,Medium,1.7551574146126794,37.603
Shreyas Movva,72.0,60.0,4.0,2.0,6.0,2.0,120.0,36.0,30.0,10.0,33.33,0.25,1.0,0.0,0.0,1.0,0.0,0.0,0.6666666666666666,0.5,1.6206896551724137,0.0,0.0,1.0,0.0,0.0,0.8333333333333334,0.0,0.0,0.0,0.0,0.25,1.5862068965517242,0.7428571428571429,0.0,0.491,Medium,1.327367606168224,27.121
Sikandar Raza,250.0,174.0,16.0,11.0,27.0,9.0,143.68,27.78,19.33,15.52,33.91,0.0,1.2727272727272727,0.0,0.0,0.0,0.0,0.875,1.375,1.64,1.1081081081081081,0.0,0.0,0.0,0.0,0.0,1.4074074074074074,2.6666666666666665,1.6,0.0,2.2857142857142856,1.15,1.173913043478261,1.469387755102041,0.7777777777777778,0.647,Medium,1.6537971100015645,16.798
Soumya Sarkar,145.0,140.0,13.0,4.0,17.0,15.0,103.57,9.67,9.33,12.14,52.86,0.3333333333333333,1.2,0.0,0.0,0.8888888888888888,0.0,1.2857142857142858,0.0,1.0952380952380953,1.0,0.0,0.0,0.0,0.0,0.0,1.9285714285714286,0.0,0.5172413793103449,0.0,0.0,0.9166666666666666,1.5454545454545454,0.8275862068965517,0.9904761904761905,0.536,Medium,1.4860462083439174,6.507
Stephan Baard,148.0,149.0,10.0,2.0,12.0,6.0,99.33,24.67,24.83,8.05,42.95,0.9090909090909091,0.6875,0.0,0.0,0.0,0.0,1.2,0.3333333333333333,1.2692307692307692,1.0714285714285714,0.0,0.0,0.0,0.0,0.0,0.918918918918919,0.0,1.0,0.0,0.0,0.7894736842105263,0.0,0.9387755102040817,0.9807692307692307,0.592,Medium,1.226989794565689,20.106
Stephan Myburgh,138.0,116.0,21.0,1.0,22.0,7.0,118.97,19.71,16.57,18.97,49.14,0.7142857142857143,1.0,0.0,0.0,1.1818181818181819,0.0,0.0,0.0,0.8076923076923077,1.5,0.0,0.0,0.0,0.0,0.0,1.3571428571428572,0.0,1.5625,0.0,0.0,1.0,0.0,0.8571428571428571,1.2115384615384615,0.526,Medium,1.554178733001968,12.682
Steven Smith,167.0,143.0,14.0,1.0,15.0,7.0,116.78,23.86,20.43,10.49,32.17,1.7777777777777777,1.0833333333333333,0.0,0.0,0.0,1.1,0.6666666666666666,1.125,1.5909090909090908,0.2,0.0,0.0,1.3333333333333333,0.0,0.0,0.9333333333333333,0.0,0.8888888888888888,0.0,0.0,1.1794871794871795,1.4761904761904763,1.0673076923076923,1.1363636363636365,0.701,High,1.253157413842052,19.04
Steven Taylor,44.0,48.0,1.0,2.0,3.0,3.0,91.67,14.67,16.0,6.25,58.33,0.875,0.75,0.0,0.0,0.0,0.0,0.0,0.0,0.875,0.0,0.0,0.0,1.5,0.0,0.0,0.2,0.0,0.0,0.0,0.0,1.6666666666666667,0.0,1.2,0.625,0.275,Low,1.4332824712993375,10.235
Suresh Raina,40.0,32.0,2.0,2.0,4.0,4.0,125.0,10.0,8.0,12.5,31.25,0.0,2.3333333333333335,0.0,0.0,0.0,0.0,0.0,0.0,0.0,0.6666666666666666,0.0,0.0,0.0,0.0,0.0,2.1666666666666665,0.0,2.0,0.0,0.0,0.8571428571428571,0.0,1.4444444444444444,0.25,0.21,Low,1.5862310778250641,6.304
Suryakumar Yadav,318.0,207.0,32.0,10.0,42.0,7.0,153.62,45.43,29.57,20.29,30.92,1.625,1.28,0.0,0.6666666666666666,0.6666666666666666,0.0,1.125,0.0,1.4333333333333333,2.238095238095238,0.0,0.0,1.0869565217391304,1.2727272727272727,0.0,1.9090909090909092,0.0,1.0,1.0,0.0,1.65625,2.076923076923077,1.3548387096774193,1.2727272727272727,0.864,High,1.6672079233993033,27.249
Sybrand Engelbrecht,87.0,76.0,6.0,2.0,8.0,2.0,114.47,43.5,38.0,10.53,38.16,0.0,1.0,0.0,0.0,0.8333333333333334,0.0,0.0,1.2857142857142858,1.2692307692307692,0.0,0.0,0.0,1.2307692307692308,0.0,0.6666666666666666,0.375,0.0,1.0,0.0,0.0,1.3333333333333333,1.1764705882352942,1.1272727272727272,0.8333333333333334,0.587,Medium,1.3673442761902979,31.813
Tamim Iqbal,306.0,207.0,24.0,14.0,38.0,3.0,147.83,102.0,69.0,18.36,33.33,0.9,0.6666666666666666,0.0,0.0,0.92,0.0,1.0909090909090908,2.0,1.8,1.4545454545454546,0.0,0.0,2.3333333333333335,0.0,0.0,1.6428571428571428,0.0,1.1428571428571428,0.0,0.0,1.925,1.5757575757575757,1.6538461538461537,1.2254901960784315,0.713,High,1.7079094113956632,59.722
Tanzid Hasan,50.0,41.0,7.0,1.0,8.0,3.0,121.95,16.67,13.67,19.51,51.22,0.0,0.0,0.0,0.0,0.3333333333333333,0.0,0.0,0.0,1.3333333333333333,1.375,0.0,0.0,0.0,0.0,0.0,1.4,0.0,0.9,0.0,0.0,0.0,0.0,1.5,1.1176470588235294,0.227,Low,1.6415057816305725,10.155
Taskin Ahmed,40.0,51.0,2.0,1.0,3.0,6.0,78.43,6.67,8.5,5.88,50.98,0.3333333333333333,0.0,0.0,0.0,1.75,0.5555555555555556,0.0,1.0,0.46153846153846156,0.0,0.0,0.0,0.0,0.0,0.0,1.5555555555555556,0.0,0.2,0.0,0.0,0.75,0.5833333333333334,0.9629629629629629,0.0,0.36,Medium,1.2379616389888028,5.388
Temba Bavuma,165.0,145.0,12.0,4.0,16.0,8.0,113.79,20.62,18.12,11.03,41.38,1.8571428571428572,0.7777777777777778,0.0,0.0,1.0,0.0,0.6,0.0,1.205128205128205,1.5,0.0,0.0,0.8888888888888888,0.0,0.0,1.0,0.0,1.0,1.0,0.0,1.3333333333333333,1.5714285714285714,1.1428571428571428,1.0379746835443038,0.737,High,1.400487075489228,14.723
Thisara Perera,89.0,54.0,7.0,4.0,11.0,3.0,164.81,29.67,18.0,20.37,27.78,0.0,1.0,0.0,0.0,0.0,0.0,2.0,1.0,1.3636363636363635,1.8333333333333333,0.0,0.0,0.875,0.0,0.0,0.0,0.0,2.4,0.0,0.0,1.6,1.7142857142857142,1.5142857142857142,0.0,0.498,Medium,1.7967322430587014,16.513
Tillakaratne Dilshan,126.0,106.0,12.0,4.0,16.0,5.0,118.87,25.2,21.2,15.09,39.62,0.0,1.0,0.0,0.0,0.0,0.0,0.875,0.8888888888888888,2.05,0.8333333333333334,0.0,0.0,0.0,0.0,0.0,0.6666666666666666,0.0,1.411764705882353,0.0,0.0,0.95,1.5384615384615385,1.0943396226415094,1.2,0.48,Medium,1.5498891361100013,16.259
Tim David,48.0,30.0,4.0,2.0,6.0,3.0,160.0,16.0,10.0,20.0,23.33,0.0,0.75,0.0,0.0,1.6666666666666667,0.0,0.75,0.0,0.0,2.111111111111111,0.0,0.0,4.0,0.0,0.0,0.0,0.0,0.0,1.0,0.0,1.5714285714285714,1.6363636363636365,1.3333333333333333,0.0,0.3,Low,1.6899449631554941,9.468
Tim Pringle,54.0,68.0,1.0,1.0,2.0,6.0,79.41,9.0,11.33,2.94,52.94,1.0,0.0,0.0,0.0,1.2727272727272727,0.0,1.0,0.0,1.0,0.16666666666666666,0.0,0.0,1.25,0.0,0.0,0.6428571428571429,0.0,1.125,0.0,0.0,0.5,0.723404255319149,0.8695652173913043,0.0,0.549,Medium,1.0655532491190078,8.446
Tom Cooper,126.0,122.0,9.0,3.0,12.0,9.0,103.28,14.0,13.56,9.84,42.62,0.0,0.7142857142857143,0.0,0.0,1.6666666666666667,0.0,0.36363636363636365,0.0,1.2307692307692308,1.0476190476190477,0.0,0.0,1.1666666666666667,0.0,0.0,0.7777777777777778,0.0,1.1,1.0,0.0,1.15,1.1428571428571428,1.0097087378640777,1.0769230769230769,0.655,Medium,1.357815353789316,10.311
Tony Ura,29.0,36.0,1.0,0.0,1.0,5.0,80.56,5.8,7.2,2.78,55.56,0.0,0.9230769230769231,0.0,0.0,0.0,0.0,0.0,0.0,0.0,0.5,0.0,0.0,1.2,0.0,0.0,0.5,0.0,1.5,0.0,0.0,0.5,0.0,0.0,0.7837837837837838,0.291,Low,1.2278059730704634,4.724
Towhid Hridoy,92.0,68.0,3.0,6.0,9.0,3.0,135.29,30.67,22.67,13.24,41.18,0.0,0.0,0.0,0.0,1.1666666666666667,0.0,3.0,0.0,1.0454545454545454,0.6666666666666666,0.0,0.0,0.0,0.0,0.0,0.9090909090909091,0.0,0.7142857142857143,0.0,0.0,1.2,1.3333333333333333,1.28125,0.6666666666666666,0.311,Low,1.716160097267168,17.871
Travis Head,80.0,45.0,9.0,5.0,14.0,2.0,177.78,40.0,22.5,31.11,44.44,2.1666666666666665,0.0,0.0,0.0,1.4285714285714286,0.0,0.0,0.0,1.0,0.0,0.0,0.0,0.6666666666666666,0.0,0.0,3.0,0.0,1.8421052631578947,0.0,0.0,0.0,0.0,0.0,1.7777777777777777,0.291,Low,2.1520485894405663,18.587
Tristan Stubbs,81.0,101.0,3.0,2.0,5.0,6.0,80.2,13.5,16.83,4.95,50.5,1.5,0.5,0.0,0.0,1.25,0.0,1.2222222222222223,0.0,0.7777777777777778,0.6470588235294118,0.0,0.0,0.5769230769230769,0.0,0.0,1.0,0.0,1.6666666666666667,0.0,0.0,0.5,0.7692307692307693,0.9375,0.44,0.609,Medium,1.1632851679883722,11.605
Umar Akmal,79.0,63.0,4.0,2.0,6.0,4.0,125.4,19.75,15.75,9.52,31.75,0.0,1.0909090909090908,0.0,0.0,0.3333333333333333,0.0,0.875,1.1428571428571428,0.7142857142857143,2.8333333333333335,0.0,0.0,1.3333333333333333,0.0,0.0,3.4,0.0,1.0,0.0,0.0,0.45454545454545453,0.7692307692307693,1.36,1.0,0.444,Medium,1.4225194226921851,13.884
Usman Ghani,62.0,67.0,5.0,1.0,6.0,4.0,92.54,15.5,16.75,8.96,46.27,0.0,0.0,0.0,0.0,0.7777777777777778,0.0,1.0,0.0,1.0,0.8888888888888888,0.0,0.0,0.0,0.0,0.0,0.5,0.0,0.5714285714285714,0.0,0.0,0.0,1.0,1.0571428571428572,0.6086956521739131,0.359,Medium,1.238416060660123,12.516
Usman Khawaja,148.0,103.0,22.0,2.0,24.0,3.0,143.69,49.33,34.33,23.3,36.89,2.0,0.8095238095238095,0.0,0.0,1.2352941176470589,0.0,0.0,0.0,2.0588235294117645,1.5,0.0,0.0,1.4285714285714286,0.0,0.0,1.5,0.0,1.0714285714285714,0.0,0.0,1.8571428571428572,0.0,1.1851851851851851,1.4871794871794872,0.602,Medium,1.621343448734592,30.425
Vikramjit Singh,124.0,122.0,10.0,5.0,15.0,8.0,101.64,15.5,15.25,12.3,54.92,0.0,0.5714285714285714,0.0,0.0,0.75,0.0,0.0,3.0,0.8888888888888888,0.5,0.0,0.0,0.6,0.0,0.3333333333333333,2.3125,0.0,0.5217391304347826,0.0,0.0,1.6,0.0,1.0689655172413792,0.9587628865979382,0.417,Medium,1.5283147685428002,10.142
Virat Kohli,665.0,476.0,60.0,14.0,74.0,11.0,139.71,60.45,43.27,15.55,28.36,1.5,1.6756756756756757,0.0,0.0,1.125,0.0,0.918918918918919,1.0,1.4736842105263157,1.4583333333333333,0.0,0.0,1.5357142857142858,0.0,0.0,1.56,0.0,1.4,1.2666666666666666,0.0,1.1323529411764706,2.1588785046728973,1.1666666666666667,1.0467289719626167,0.864,High,1.460103366371983,41.401
Vriitya Aravind,52.0,71.0,3.0,0.0,3.0,4.0,73.24,13.0,17.75,4.23,57.75,0.75,0.6666666666666666,0.0,0.0,0.8333333333333334,0.0,0.0,0.0,0.5,1.1666666666666667,0.0,0.0,0.0,0.0,0.0,0.75,0.0,0.0,0.0,0.0,0.8235294117647058,0.9090909090909091,0.6764705882352942,0.6333333333333333,0.449,Medium,0.9996395746864362,13.005
Vusi Sibanda,85.0,78.0,5.0,2.0,7.0,5.0,108.97,17.0,15.6,8.97,38.46,0.0,0.0,0.0,0.0,0.0,0.0,0.5,2.0,0.6666666666666666,0.9444444444444444,0.0,0.0,0.0,0.0,0.0,1.2272727272727273,0.0,0.8823529411764706,0.0,0.0,1.3076923076923077,2.0,1.2413793103448276,0.8723404255319149,0.384,Medium,1.3344865793179588,12.739
Wanindu Hasaranga,146.0,117.0,17.0,2.0,19.0,12.0,124.79,12.17,9.75,16.24,41.03,2.75,0.8,0.0,0.0,1.1,0.6666666666666666,0.8,0.0,0.4,1.1379310344827587,0.0,0.0,0.0,0.0,0.0,1.5333333333333334,0.0,0.0,1.4444444444444444,2.6363636363636362,0.5882352941176471,1.0333333333333334,1.2222222222222223,1.588235294117647,0.577,Medium,1.4811640794785563,8.217
Wessly Madhevere,120.0,82.0,15.0,2.0,17.0,8.0,146.34,15.0,10.25,20.73,45.12,2.75,1.1,0.0,0.0,1.3333333333333333,0.0,0.0,0.0,1.7083333333333333,1.0,0.0,0.0,0.5,0.0,0.0,0.8571428571428571,0.0,0.0,0.0,0.0,1.8571428571428572,0.0,2.2,1.240506329113924,0.44,Medium,1.6452488316603275,9.117
William Porterfield,43.0,34.0,4.0,1.0,5.0,2.0,126.47,21.5,17.0,14.71,50.0,0.0,0.0,0.0,0.0,3.0,0.0,0.6666666666666666,0.0,0.0,1.875,0.0,0.0,0.0,0.0,0.0,1.8,0.0,1.0,0.0,0.0,0.7647058823529411,0.0,1.3636363636363635,1.1666666666666667,0.26,Low,1.6992336384332773,12.653
Yuvraj Singh,57.0,52.0,3.0,2.0,5.0,4.0,109.62,14.25,13.0,9.62,40.38,1.2857142857142858,0.6666666666666666,0.0,0.0,0.0,0.0,0.0,1.0,1.375,1.0,0.0,0.0,0.0,0.0,0.0,0.5,0.0,1.1333333333333333,0.0,0.0,0.0,0.5,1.3055555555555556,0.5384615384615384,0.433,Medium,1.3738784835428814,10.372
Zane Green,121.0,138.0,6.0,2.0,8.0,10.0,87.68,12.1,13.8,5.8,47.1,0.0,0.5238095238095238,0.0,0.0,0.0,0.0,1.0666666666666667,0.3333333333333333,0.7272727272727273,0.782608695652174,0.0,0.0,0.6666666666666666,0.0,0.0,0.8695652173913043,0.0,1.0,0.0,0.6666666666666666,1.0,1.1764705882352942,0.7901234567901234,0.7708333333333334,0.67,High,1.10397144541468,10.96
Zeeshan Maqsood,115.0,114.0,13.0,2.0,15.0,8.0,100.88,14.38,14.25,13.16,49.12,1.3,0.3333333333333333,1.25,0.0,0.0,0.0,1.0,0.0,0.8333333333333334,1.434782608695652,0.0,0.0,0.0,0.0,0.0,1.1153846153846154,0.0,0.64,0.0,0.0,0.75,1.1538461538461537,0.8301886792452831,1.0980392156862746,0.57,Medium,1.401863943807192,10.258
