,Batsman_Name_clean,total_runs,avg_runs,total_4s,total_6s,total_wickets,total_boundaries,mode_pitchLine,mode_pitchLength,balls_faced,strike_rate,boundary_rate,dot_ball_pct,dismissal_ratio,avg_runs_death,avg_runs_middle,avg_runs_powerplay,run_std,consistency_index,avg_vs_left-arm_fast,avg_vs_left-arm_fast-medium,avg_vs_left-arm_medium,"avg_vs_left-arm_medium,slow_left-arm_orthodox",avg_vs_left-arm_medium-fast,avg_vs_left-arm_wrist-spin,avg_vs_legbreak,avg_vs_legbreak_googly,avg_vs_right-arm_fast,avg_vs_right-arm_fast-medium,"avg_vs_right-arm_fast-medium,legbreak","avg_vs_right-arm_fast-medium,legbreak_googly",avg_vs_right-arm_medium,"avg_vs_right-arm_medium,legbreak","avg_vs_right-arm_medium,right-arm_offbreak",avg_vs_right-arm_medium-fast,"avg_vs_right-arm_medium-fast,right-arm_offbreak",avg_vs_right-arm_offbreak,"avg_vs_right-arm_offbreak,legbreak","avg_vs_right-arm_offbreak,legbreak_googly",avg_vs_slow_left-arm_orthodox,avg_runs_day,avg_runs_daynight,avg_runs_night
0,aamir kaleem,0,0.0,0,0,2,0,2,2,5,0.0,0.0,,0.4,,,,,,,,,,,,,,,,,,,,,,,,,,,,,
1,aaron finch,333,1.1978417266187051,23,13,11,36,2,2,278,119.78417266187051,0.12949640287769784,,0.039568345323741004,,,,,,,,,,,,,,,,,,,,,,,,,,,,,
2,aaron johnson,101,1.3466666666666667,12,4,4,16,2,2,75,134.66666666666666,0.21333333333333335,,0.05333333333333334,,,,,,,,,,,,,,,,,,,,,,,,,,,,,
3,aaron jones,152,1.6344086021505377,6,13,1,19,2,2,93,163.44086021505376,0.20430107526881722,,0.010752688172043012,,,,,,,,,,,,,,,,,,,,,,,,,,,,,
4,aaron phangiso,4,0.8,0,0,0,0,2,2,5,80.0,0.0,,0.0,,,,,,,,,,,,,,,,,,,,,,,,,,,,,
5,aasif sheikh,4,0.5,1,0,1,1,2,0,8,50.0,0.125,,0.125,,,,,,,,,,,,,,,,,,,,,,,,,,,,,
6,aayan afzal khan,25,0.8620689655172413,1,0,2,1,2,2,29,86.20689655172413,0.034482758620689655,,0.06896551724137931,,,,,,,,,,,,,,,,,,,,,,,,,,,,,
7,ab de villiers,117,1.8,5,9,3,14,2,2,65,180.0,0.2153846153846154,,0.046153846153846156,,,,,,,,,,,,,,,,,,,,,,,,,,,,,
8,abinash bohara,0,0.0,0,0,1,0,2,4,1,0.0,0.0,,1.0,,,,,,,,,,,,,,,,,,,,,,,,,,,,,
9,adam milne,2,1.0,0,0,1,0,1,2,2,100.0,0.0,,0.5,,,,,,,,,,,,,,,,,,,,,,,,,,,,,
10,adam zampa,4,0.5714285714285714,0,0,1,0,2,0,7,57.14285714285714,0.0,,0.14285714285714285,,,,,,,,,,,,,,,,,,,,,,,,,,,,,
11,adil rashid,7,1.1666666666666667,0,0,0,0,1,2,6,116.66666666666667,0.0,,0.0,,,,,,,,,,,,,,,,,,,,,,,,,,,,,
12,afif hossain,152,1.1875,10,3,11,13,1,2,128,118.75,0.1015625,,0.0859375,,,,,,,,,,,,,,,,,,,,,,,,,,,,,
13,ahmed shehzad,109,1.028301886792453,13,0,4,13,2,2,106,102.8301886792453,0.12264150943396226,,0.03773584905660377,,,,,,,,,,,,,,,,,,,,,,,,,,,,,
14,aiden markram,293,1.3440366972477065,23,11,10,34,2,2,218,134.40366972477065,0.1559633027522936,,0.045871559633027525,,,,,,,,,,,,,,,,,,,,,,,,,,,,,
15,aizaz khan,9,1.2857142857142858,1,0,0,1,4,2,7,128.57142857142858,0.14285714285714285,,0.0,,,,,,,,,,,,,,,,,,,,,,,,,,,,,
16,ajay lalcheta,7,0.875,1,0,1,1,2,2,8,87.5,0.125,,0.125,,,,,,,,,,,,,,,,,,,,,,,,,,,,,
17,ajinkya rahane,41,1.1388888888888888,2,0,1,2,2,2,36,113.88888888888889,0.05555555555555555,,0.027777777777777776,,,,,,,,,,,,,,,,,,,,,,,,,,,,,
18,akeal hosein,46,0.92,2,1,1,3,2,0,50,92.0,0.06,,0.02,,,,,,,,,,,,,,,,,,,,,,,,,,,,,
19,al-amin hossain,0,0.0,0,0,1,0,1,2,2,0.0,0.0,,0.5,,,,,,,,,,,,,,,,,,,,,,,,,,,,,
20,alasdair evans,0,0.0,0,0,2,0,1,4,2,0.0,0.0,,1.0,,,,,,,,,,,,,,,,,,,,,,,,,,,,,
21,alei nao,17,0.7391304347826086,2,0,1,2,1,2,23,73.91304347826086,0.08695652173913043,,0.043478260869565216,,,,,,,,,,,,,,,,,,,,,,,,,,,,,
22,alex hales,286,1.3816425120772946,28,11,10,39,2,2,207,138.16425120772945,0.18840579710144928,,0.04830917874396135,,,,,,,,,,,,,,,,,,,,,,,,,,,,,
23,alishan sharafu,4,1.0,0,0,1,0,2,4,4,100.0,0.0,,0.25,,,,,,,,,,,,,,,,,,,,,,,,,,,,,
24,alpesh ramjani,13,0.7222222222222222,2,0,3,2,2,2,18,72.22222222222221,0.1111111111111111,,0.16666666666666666,,,,,,,,,,,,,,,,,,,,,,,,,,,,,
25,alzarri joseph,6,0.8571428571428571,1,0,2,1,2,2,7,85.71428571428571,0.14285714285714285,,0.2857142857142857,,,,,,,,,,,,,,,,,,,,,,,,,,,,,
26,amir ali,40,1.8181818181818181,6,1,2,7,2,2,22,181.8181818181818,0.3181818181818182,,0.09090909090909091,,,,,,,,,,,,,,,,,,,,,,,,,,,,,
27,amir hamza,5,0.5555555555555556,0,0,0,0,2,2,9,55.55555555555556,0.0,,0.0,,,,,,,,,,,,,,,,,,,,,,,,,,,,,
28,andre fletcher,109,1.1978021978021978,8,6,0,14,2,2,91,119.78021978021978,0.15384615384615385,,0.0,,,,,,,,,,,,,,,,,,,,,,,,,,,,,
29,andre russell,181,1.547008547008547,18,8,7,26,2,2,117,154.7008547008547,0.2222222222222222,,0.05982905982905983,,,,,,,,,,,,,,,,,,,,,,,,,,,,,
30,andrew poynter,12,1.2,0,1,1,1,2,0,10,120.0,0.1,,0.1,,,,,,,,,,,,,,,,,,,,,,,,,,,,,
31,andries gous,115,1.369047619047619,12,4,3,16,2,2,84,136.9047619047619,0.19047619047619047,,0.03571428571428571,,,,,,,,,,,,,,,,,,,,,,,,,,,,,
32,andy balbirnie,256,1.1130434782608696,17,11,12,28,2,2,230,111.30434782608695,0.12173913043478261,,0.05217391304347826,,,,,,,,,,,,,,,,,,,,,,,,,,,,,
33,andy mcbrine,8,2.0,1,0,0,1,1,2,4,200.0,0.25,,0.0,,,,,,,,,,,,,,,,,,,,,,,,,,,,,
34,angelo mathews,147,1.1136363636363635,7,8,4,15,2,2,132,111.36363636363636,0.11363636363636363,,0.030303030303030304,,,,,,,,,,,,,,,,,,,,,,,,,,,,,
35,anil sah,12,0.9230769230769231,2,0,1,2,2,2,13,92.3076923076923,0.15384615384615385,,0.07692307692307693,,,,,,,,,,,,,,,,,,,,,,,,,,,,,
36,anrich nortje,8,0.8888888888888888,1,0,3,1,2,0,9,88.88888888888889,0.1111111111111111,,0.3333333333333333,,,,,,,,,,,,,,,,,,,,,,,,,,,,,
37,anshy rath,66,1.064516129032258,3,0,2,3,1,2,62,106.4516129032258,0.04838709677419355,,0.03225806451612903,,,,,,,,,,,,,,,,,,,,,,,,,,,,,
38,aqib ilyas,141,1.165289256198347,14,5,6,19,2,0,121,116.5289256198347,0.15702479338842976,,0.049586776859504134,,,,,,,,,,,,,,,,,,,,,,,,,,,,,
39,arafat sunny,8,2.0,0,1,0,1,4,0,4,200.0,0.25,,0.0,,,,,,,,,,,,,,,,,,,,,,,,,,,,,
40,arshdeep singh,11,0.7857142857142857,1,0,0,1,2,2,14,78.57142857142857,0.07142857142857142,,0.0,,,,,,,,,,,,,,,,,,,,,,,,,,,,,
41,aryan dutt,16,1.4545454545454546,1,1,0,2,2,2,11,145.45454545454547,0.18181818181818182,,0.0,,,,,,,,,,,,,,,,,,,,,,,,,,,,,
42,aryan lakra,1,0.3333333333333333,0,0,1,0,1,2,3,33.33333333333333,0.0,,0.3333333333333333,,,,,,,,,,,,,,,,,,,,,,,,,,,,,
43,asghar afghan,186,1.1204819277108433,8,9,8,17,2,2,166,112.04819277108433,0.10240963855421686,,0.04819277108433735,,,,,,,,,,,,,,,,,,,,,,,,,,,,,
44,ashish nehra,2,0.3333333333333333,0,0,1,0,2,2,6,33.33333333333333,0.0,,0.16666666666666666,,,,,,,,,,,,,,,,,,,,,,,,,,,,,
45,ashton agar,35,1.206896551724138,0,3,2,3,1,2,29,120.6896551724138,0.10344827586206896,,0.06896551724137931,,,,,,,,,,,,,,,,,,,,,,,,,,,,,
46,asif ali,59,2.185185185185185,1,7,2,8,1,0,27,218.5185185185185,0.2962962962962963,,0.07407407407407407,,,,,,,,,,,,,,,,,,,,,,,,,,,,,
47,assad vala,107,1.1888888888888889,10,4,7,14,1,2,90,118.88888888888889,0.15555555555555556,,0.07777777777777778,,,,,,,,,,,,,,,,,,,,,,,,,,,,,
48,avishka fernando,58,0.90625,1,2,5,3,1,2,64,90.625,0.046875,,0.078125,,,,,,,,,,,,,,,,,,,,,,,,,,,,,
49,axar patel,31,1.1071428571428572,3,1,3,4,2,2,28,110.71428571428572,0.14285714285714285,,0.10714285714285714,,,,,,,,,,,,,,,,,,,,,,,,,,,,,
50,ayaan khan,110,0.9649122807017544,6,3,4,9,2,2,114,96.49122807017544,0.07894736842105263,,0.03508771929824561,,,,,,,,,,,,,,,,,,,,,,,,,,,,,
51,azam khan,0,0.0,0,0,1,0,1,2,1,0.0,0.0,,1.0,,,,,,,,,,,,,,,,,,,,,,,,,,,,,
52,azmatullah omarzai,47,1.0681818181818181,2,2,4,4,2,2,44,106.81818181818181,0.09090909090909091,,0.09090909090909091,,,,,,,,,,,,,,,,,,,,,,,,,,,,,
53,babar azam,546,1.1543340380549683,47,8,15,55,2,2,473,115.43340380549682,0.11627906976744186,,0.03171247357293869,,,,,,,,,,,,,,,,,,,,,,,,,,,,,
54,babar hayat,27,1.08,4,0,3,4,2,2,25,108.0,0.16,,0.12,,,,,,,,,,,,,,,,,,,,,,,,,,,,,
55,barry mccarthy,44,1.0476190476190477,1,2,3,3,2,0,42,104.76190476190477,0.07142857142857142,,0.07142857142857142,,,,,,,,,,,,,,,,,,,,,,,,,,,,,
56,bas de leede,120,0.7643312101910829,9,1,8,10,2,2,157,76.43312101910828,0.06369426751592357,,0.050955414012738856,,,,,,,,,,,,,,,,,,,,,,,,,,,,,
57,basil hameed,25,1.25,2,2,2,4,2,4,20,125.0,0.2,,0.1,,,,,,,,,,,,,,,,,,,,,,,,,,,,,
58,ben cooper,31,1.24,5,0,3,5,1,2,25,124.0,0.2,,0.12,,,,,,,,,,,,,,,,,,,,,,,,,,,,,
59,ben shikongo,0,0.0,0,0,1,0,1,0,4,0.0,0.0,,0.25,,,,,,,,,,,,,,,,,,,,,,,,,,,,,
60,ben stokes,178,1.2447552447552448,12,4,9,16,1,2,143,124.47552447552448,0.11188811188811189,,0.06293706293706294,,,,,,,,,,,,,,,,,,,,,,,,,,,,,
61,ben white,3,0.75,0,0,1,0,1,2,4,75.0,0.0,,0.25,,,,,,,,,,,,,,,,,,,,,,,,,,,,,
62,bernard scholtz,13,0.65,0,0,2,0,1,2,20,65.0,0.0,,0.1,,,,,,,,,,,,,,,,,,,,,,,,,,,,,
63,bhanuka rajapaksa,298,1.3423423423423424,27,10,11,37,2,2,222,134.23423423423424,0.16666666666666666,,0.04954954954954955,,,,,,,,,,,,,,,,,,,,,,,,,,,,,
64,bhuvneshwar kumar,11,1.1,0,0,0,0,1,2,10,110.00000000000001,0.0,,0.0,,,,,,,,,,,,,,,,,,,,,,,,,,,,,
65,bilal hassan,9,0.5625,1,0,1,1,1,2,16,56.25,0.0625,,0.0625,,,,,,,,,,,,,,,,,,,,,,,,,,,,,
66,bilal khan,4,0.5714285714285714,0,0,1,0,1,0,7,57.14285714285714,0.0,,0.14285714285714285,,,,,,,,,,,,,,,,,,,,,,,,,,,,,
67,blessing muzarabani,3,0.25,0,0,1,0,2,2,12,25.0,0.0,,0.08333333333333333,,,,,,,,,,,,,,,,,,,,,,,,,,,,,
68,brad evans,23,1.2777777777777777,0,1,2,1,2,0,18,127.77777777777777,0.05555555555555555,,0.1111111111111111,,,,,,,,,,,,,,,,,,,,,,,,,,,,,
69,brad wheal,3,0.5,0,0,1,0,1,0,6,50.0,0.0,,0.16666666666666666,,,,,,,,,,,,,,,,,,,,,,,,,,,,,
70,brandon glover,0,0.0,0,0,2,0,2,4,3,0.0,0.0,,0.6666666666666666,,,,,,,,,,,,,,,,,,,,,,,,,,,,,
71,brandon king,134,1.2293577981651376,17,2,4,19,2,2,109,122.93577981651376,0.1743119266055046,,0.03669724770642202,,,,,,,,,,,,,,,,,,,,,,,,,,,,,
72,brandon mcmullen,81,1.653061224489796,11,2,1,13,2,2,49,165.3061224489796,0.2653061224489796,,0.02040816326530612,,,,,,,,,,,,,,,,,,,,,,,,,,,,,
73,brian masaba,3,0.42857142857142855,0,0,2,0,2,2,7,42.857142857142854,0.0,,0.2857142857142857,,,,,,,,,,,,,,,,,,,,,,,,,,,,,
74,calum macleod,98,0.8305084745762712,6,0,9,6,2,2,118,83.05084745762711,0.05084745762711865,,0.07627118644067797,,,,,,,,,,,,,,,,,,,,,,,,,,,,,
75,cameron green,3,1.5,0,0,1,0,2,2,2,150.0,0.0,,0.5,,,,,,,,,,,,,,,,,,,,,,,,,,,,,
76,carlos brathwaite,55,2.037037037037037,0,7,1,7,2,2,27,203.70370370370372,0.25925925925925924,,0.037037037037037035,,,,,,,,,,,,,,,,,,,,,,,,,,,,,
77,chad soper,56,0.8615384615384616,2,2,6,4,2,2,65,86.15384615384616,0.06153846153846154,,0.09230769230769231,,,,,,,,,,,,,,,,,,,,,,,,,,,,,
78,chamara kapugedera,57,0.9661016949152542,4,1,3,5,2,2,59,96.61016949152543,0.0847457627118644,,0.05084745762711865,,,,,,,,,,,,,,,,,,,,,,,,,,,,,
79,chamika karunaratne,62,1.0333333333333334,4,0,8,4,2,2,60,103.33333333333334,0.06666666666666667,,0.13333333333333333,,,,,,,,,,,,,,,,,,,,,,,,,,,,,
80,charith asalanka,417,1.3238095238095238,32,12,12,44,2,2,315,132.38095238095238,0.13968253968253969,,0.0380952380952381,,,,,,,,,,,,,,,,,,,,,,,,,,,,,
81,charles amini,57,1.0961538461538463,4,1,2,5,1,2,52,109.61538461538463,0.09615384615384616,,0.038461538461538464,,,,,,,,,,,,,,,,,,,,,,,,,,,,,
82,chirag suri,17,0.6296296296296297,2,0,1,2,2,2,27,62.96296296296296,0.07407407407407407,,0.037037037037037035,,,,,,,,,,,,,,,,,,,,,,,,,,,,,
83,chris gayle,172,1.4956521739130435,11,14,8,25,1,2,115,149.56521739130434,0.21739130434782608,,0.06956521739130435,,,,,,,,,,,,,,,,,,,,,,,,,,,,,
84,chris greaves,135,1.062992125984252,9,2,6,11,2,2,127,106.29921259842521,0.08661417322834646,,0.047244094488188976,,,,,,,,,,,,,,,,,,,,,,,,,,,,,
85,chris jordan,40,1.0256410256410255,4,0,3,4,1,2,39,102.56410256410255,0.10256410256410256,,0.07692307692307693,,,,,,,,,,,,,,,,,,,,,,,,,,,,,
86,chris morris,16,0.9411764705882353,2,0,1,2,2,2,17,94.11764705882352,0.11764705882352941,,0.058823529411764705,,,,,,,,,,,,,,,,,,,,,,,,,,,,,
87,chris woakes,12,2.0,1,1,1,2,2,4,6,200.0,0.3333333333333333,,0.16666666666666666,,,,,,,,,,,,,,,,,,,,,,,,,,,,,
88,colin ackermann,227,1.0809523809523809,15,6,11,21,2,2,210,108.09523809523809,0.1,,0.05238095238095238,,,,,,,,,,,,,,,,,,,,,,,,,,,,,
89,colin munro,128,1.2190476190476192,11,4,4,15,1,2,105,121.90476190476191,0.14285714285714285,,0.0380952380952381,,,,,,,,,,,,,,,,,,,,,,,,,,,,,
90,corey anderson,110,1.0185185185185186,9,2,6,11,1,2,108,101.85185185185186,0.10185185185185185,,0.05555555555555555,,,,,,,,,,,,,,,,,,,,,,,,,,,,,
91,cosmas kyewuta,3,0.375,0,0,1,0,1,2,8,37.5,0.0,,0.125,,,,,,,,,,,,,,,,,,,,,,,,,,,,,
92,cp rizwan,44,1.3333333333333333,3,1,2,4,2,2,33,133.33333333333331,0.12121212121212122,,0.06060606060606061,,,,,,,,,,,,,,,,,,,,,,,,,,,,,
93,craig ervine,129,1.0,13,0,7,13,2,2,129,100.0,0.10077519379844961,,0.05426356589147287,,,,,,,,,,,,,,,,,,,,,,,,,,,,,
94,craig wallace,4,0.3076923076923077,0,0,1,0,1,2,13,30.76923076923077,0.0,,0.07692307692307693,,,,,,,,,,,,,,,,,,,,,,,,,,,,,
95,craig williams,127,0.8819444444444444,9,4,9,13,2,2,144,88.19444444444444,0.09027777777777778,,0.0625,,,,,,,,,,,,,,,,,,,,,,,,,,,,,
96,craig young,3,0.42857142857142855,0,0,1,0,1,2,7,42.857142857142854,0.0,,0.14285714285714285,,,,,,,,,,,,,,,,,,,,,,,,,,,,,
97,curtis campher,166,1.2671755725190839,13,3,9,16,2,2,131,126.71755725190839,0.12213740458015267,,0.06870229007633588,,,,,,,,,,,,,,,,,,,,,,,,,,,,,
98,damien ravu,7,1.0,1,0,2,1,2,0,7,100.0,0.14285714285714285,,0.2857142857142857,,,,,,,,,,,,,,,,,,,,,,,,,,,,,
99,danushka gunathilaka,0,0.0,0,0,1,0,1,4,1,0.0,0.0,,1.0,,,,,,,,,,,,,,,,,,,,,,,,,,,,,
100,daren sammy,9,0.6428571428571429,0,0,3,0,2,2,14,64.28571428571429,0.0,,0.21428571428571427,,,,,,,,,,,,,,,,,,,,,,,,,,,,,
101,darwish rasooli,16,1.1428571428571428,1,0,1,1,2,4,14,114.28571428571428,0.07142857142857142,,0.07142857142857142,,,,,,,,,,,,,,,,,,,,,,,,,,,,,
102,daryl mitchell,350,1.3779527559055118,22,11,10,33,2,2,254,137.79527559055117,0.12992125984251968,,0.03937007874015748,,,,,,,,,,,,,,,,,,,,,,,,,,,,,
103,dasun shanaka,219,1.095,16,9,12,25,2,2,200,109.5,0.125,,0.06,,,,,,,,,,,,,,,,,,,,,,,,,,,,,
104,david miller,275,1.2331838565022422,15,13,5,28,2,2,223,123.31838565022422,0.12556053811659193,,0.02242152466367713,,,,,,,,,,,,,,,,,,,,,,,,,,,,,
105,david warner,502,1.4101123595505618,51,17,17,68,1,2,356,141.01123595505618,0.19101123595505617,,0.047752808988764044,,,,,,,,,,,,,,,,,,,,,,,,,,,,,
106,david wiese,369,1.3369565217391304,19,16,10,35,2,2,276,133.69565217391303,0.12681159420289856,,0.036231884057971016,,,,,,,,,,,,,,,,,,,,,,,,,,,,,
107,david willey,43,1.34375,1,4,1,5,2,2,32,134.375,0.15625,,0.03125,,,,,,,,,,,,,,,,,,,,,,,,,,,,,
108,dawid malan,191,1.0852272727272727,14,2,6,16,2,2,176,108.52272727272727,0.09090909090909091,,0.03409090909090909,,,,,,,,,,,,,,,,,,,,,,,,,,,,,
109,dawlat zadran,10,1.4285714285714286,0,0,0,0,2,1,7,142.85714285714286,0.0,,0.0,,,,,,,,,,,,,,,,,,,,,,,,,,,,,
110,deepak hooda,0,0.0,0,0,1,0,2,4,3,0.0,0.0,,0.3333333333333333,,,,,,,,,,,,,,,,,,,,,,,,,,,,,
111,denesh ramdin,36,0.6923076923076923,1,0,3,1,2,2,52,69.23076923076923,0.019230769230769232,,0.057692307692307696,,,,,,,,,,,,,,,,,,,,,,,,,,,,,
112,devon conway,313,1.154981549815498,26,3,9,29,1,2,271,115.4981549815498,0.1070110701107011,,0.033210332103321034,,,,,,,,,,,,,,,,,,,,,,,,,,,,,
113,dhananjaya de silva,201,1.2331288343558282,15,4,7,19,2,2,163,123.31288343558282,0.1165644171779141,,0.04294478527607362,,,,,,,,,,,,,,,,,,,,,,,,,,,,,
114,dilon heyliger,11,0.7857142857142857,1,0,1,1,2,4,14,78.57142857142857,0.07142857142857142,,0.07142857142857142,,,,,,,,,,,,,,,,,,,,,,,,,,,,,
115,dilpreet bajwa,18,1.2857142857142858,2,1,2,3,2,2,14,128.57142857142858,0.21428571428571427,,0.14285714285714285,,,,,,,,,,,,,,,,,,,,,,,,,,,,,
116,dinesh chandimal,74,0.9866666666666667,6,3,6,9,2,2,75,98.66666666666667,0.12,,0.08,,,,,,,,,,,,,,,,,,,,,,,,,,,,,
117,dinesh karthik,17,0.7391304347826086,1,0,2,1,2,2,23,73.91304347826086,0.043478260869565216,,0.08695652173913043,,,,,,,,,,,,,,,,,,,,,,,,,,,,,
118,dinesh nakrani,7,0.5384615384615384,1,0,3,1,2,2,13,53.84615384615385,0.07692307692307693,,0.23076923076923078,,,,,,,,,,,,,,,,,,,,,,,,,,,,,
119,dipendra singh airee,1,0.16666666666666666,0,0,1,0,2,4,6,16.666666666666664,0.0,,0.16666666666666666,,,,,,,,,,,,,,,,,,,,,,,,,,,,,
120,divan la cock,8,1.1428571428571428,1,0,1,1,2,2,7,114.28571428571428,0.14285714285714285,,0.14285714285714285,,,,,,,,,,,,,,,,,,,,,,,,,,,,,
121,donald tiripano,2,0.3333333333333333,0,0,2,0,1,5,6,33.33333333333333,0.0,,0.3333333333333333,,,,,,,,,,,,,,,,,,,,,,,,,,,,,
122,dushmantha chameera,18,0.72,1,0,3,1,1,2,25,72.0,0.04,,0.12,,,,,,,,,,,,,,,,,,,,,,,,,,,,,
123,dwaine pretorius,0,0.0,0,0,2,0,1,2,2,0.0,0.0,,1.0,,,,,,,,,,,,,,,,,,,,,,,,,,,,,
124,dwayne bravo,97,1.0104166666666667,5,3,7,8,2,2,96,101.04166666666667,0.08333333333333333,,0.07291666666666667,,,,,,,,,,,,,,,,,,,,,,,,,,,,,
125,dylan budge,0,0.0,0,0,1,0,1,2,2,0.0,0.0,,0.5,,,,,,,,,,,,,,,,,,,,,,,,,,,,,
126,elton chigumbura,67,1.6341463414634145,1,5,3,6,2,2,41,163.41463414634146,0.14634146341463414,,0.07317073170731707,,,,,,,,,,,,,,,,,,,,,,,,,,,,,
127,eoin morgan,142,1.1833333333333333,8,6,6,14,2,2,120,118.33333333333333,0.11666666666666667,,0.05,,,,,,,,,,,,,,,,,,,,,,,,,,,,,
128,evin lewis,157,1.097902097902098,13,8,9,21,2,2,143,109.79020979020979,0.14685314685314685,,0.06293706293706294,,,,,,,,,,,,,,,,,,,,,,,,,,,,,
129,faf du plessis,98,1.1264367816091954,10,2,3,12,2,2,87,112.64367816091954,0.13793103448275862,,0.034482758620689655,,,,,,,,,,,,,,,,,,,,,,,,,,,,,
130,fakhar zaman,161,1.248062015503876,9,8,7,17,2,2,129,124.8062015503876,0.13178294573643412,,0.05426356589147287,,,,,,,,,,,,,,,,,,,,,,,,,,,,,
131,fareed ahmad,2,0.5,0,0,0,0,2,2,4,50.0,0.0,,0.0,,,,,,,,,,,,,,,,,,,,,,,,,,,,,
132,fayyaz butt,9,0.6,1,0,3,1,2,0,15,60.0,0.06666666666666667,,0.2,,,,,,,,,,,,,,,,,,,,,,,,,,,,,
133,fazalhaq farooqi,0,0.0,0,0,1,0,1,0,2,0.0,0.0,,0.5,,,,,,,,,,,,,,,,,,,,,,,,,,,,,
134,finn allen,124,1.6103896103896105,14,6,7,20,2,4,77,161.03896103896105,0.2597402597402597,,0.09090909090909091,,,,,,,,,,,,,,,,,,,,,,,,,,,,,
135,fionn hand,12,1.0909090909090908,2,0,3,2,2,2,11,109.09090909090908,0.18181818181818182,,0.2727272727272727,,,,,,,,,,,,,,,,,,,,,,,,,,,,,
136,fred klaassen,13,0.7222222222222222,0,0,3,0,2,2,18,72.22222222222221,0.0,,0.16666666666666666,,,,,,,,,,,,,,,,,,,,,,,,,,,,,
137,gareth delany,159,1.2421875,14,5,8,19,2,2,128,124.21875,0.1484375,,0.0625,,,,,,,,,,,,,,,,,,,,,,,,,,,,,
138,gary wilson,38,1.027027027027027,5,0,2,5,2,2,37,102.7027027027027,0.13513513513513514,,0.05405405405405406,,,,,,,,,,,,,,,,,,,,,,,,,,,,,
139,george dockrell,148,1.2758620689655173,12,2,7,14,2,2,116,127.58620689655173,0.1206896551724138,,0.0603448275862069,,,,,,,,,,,,,,,,,,,,,,,,,,,,,
140,george munsey,472,1.2388451443569555,54,12,16,66,2,2,381,123.88451443569555,0.1732283464566929,,0.04199475065616798,,,,,,,,,,,,,,,,,,,,,,,,,,,,,
141,gerhard erasmus,314,1.064406779661017,24,6,13,30,2,2,295,106.4406779661017,0.1016949152542373,,0.04406779661016949,,,,,,,,,,,,,,,,,,,,,,,,,,,,,
142,glenn maxwell,315,1.25,27,10,12,37,2,2,252,125.0,0.14682539682539683,,0.047619047619047616,,,,,,,,,,,,,,,,,,,,,,,,,,,,,
143,glenn phillips,379,1.3633093525179856,27,15,12,42,2,2,278,136.33093525179856,0.1510791366906475,,0.04316546762589928,,,,,,,,,,,,,,,,,,,,,,,,,,,,,
144,grant elliott,52,1.1304347826086956,4,0,1,4,2,2,46,113.04347826086956,0.08695652173913043,,0.021739130434782608,,,,,,,,,,,,,,,,,,,,,,,,,,,,,
145,gudakesh motie,0,0.0,0,0,0,0,0,4,1,0.0,0.0,,0.0,,,,,,,,,,,,,,,,,,,,,,,,,,,,,
146,gulbadin naib,235,1.1809045226130652,20,6,9,26,2,2,199,118.09045226130652,0.1306532663316583,,0.04522613065326633,,,,,,,,,,,,,,,,,,,,,,,,,,,,,
147,gulsan jha,16,0.9411764705882353,0,1,1,1,0,0,17,94.11764705882352,0.058823529411764705,,0.058823529411764705,,,,,,,,,,,,,,,,,,,,,,,,,,,,,
148,haider ali,2,0.4,0,0,2,0,2,0,5,40.0,0.0,,0.4,,,,,,,,,,,,,,,,,,,,,,,,,,,,,
149,hamilton masakadza,42,1.4,5,2,2,7,4,2,30,140.0,0.23333333333333334,,0.06666666666666667,,,,,,,,,,,,,,,,,,,,,,,,,,,,,
150,hardik pandya,244,1.3942857142857144,17,10,10,27,2,2,175,139.42857142857144,0.15428571428571428,,0.05714285714285714,,,,,,,,,,,,,,,,,,,,,,,,,,,,,
151,haris rauf,15,1.5,0,1,1,1,2,4,10,150.0,0.1,,0.1,,,,,,,,,,,,,,,,,,,,,,,,,,,,,
152,harmeet singh,11,1.1,0,1,1,1,2,3,10,110.00000000000001,0.1,,0.1,,,,,,,,,,,,,,,,,,,,,,,,,,,,,
153,harry brook,78,1.04,4,1,5,5,2,2,75,104.0,0.06666666666666667,,0.06666666666666667,,,,,,,,,,,,,,,,,,,,,,,,,,,,,
154,harry tector,102,0.918918918918919,5,1,10,6,2,2,111,91.8918918918919,0.05405405405405406,,0.09009009009009009,,,,,,,,,,,,,,,,,,,,,,,,,,,,,
155,hasan mahmud,0,0.0,0,0,0,0,2,2,5,0.0,0.0,,0.0,,,,,,,,,,,,,,,,,,,,,,,,,,,,,
156,hashim amla,114,1.2954545454545454,13,3,3,16,2,2,88,129.54545454545453,0.18181818181818182,,0.03409090909090909,,,,,,,,,,,,,,,,,,,,,,,,,,,,,
157,hayden walsh,0,0.0,0,0,1,0,2,2,1,0.0,0.0,,1.0,,,,,,,,,,,,,,,,,,,,,,,,,,,,,
158,hazratullah zazai,109,1.058252427184466,9,6,6,15,1,4,103,105.8252427184466,0.14563106796116504,,0.05825242718446602,,,,,,,,,,,,,,,,,,,,,,,,,,,,,
159,heinrich klaasen,121,1.0707964601769913,8,5,5,13,2,2,113,107.07964601769913,0.11504424778761062,,0.04424778761061947,,,,,,,,,,,,,,,,,,,,,,,,,,,,,
160,henry nicholls,7,0.6363636363636364,1,0,1,1,2,2,11,63.63636363636363,0.09090909090909091,,0.09090909090909091,,,,,,,,,,,,,,,,,,,,,,,,,,,,,
161,hiri hiri,29,0.7435897435897436,3,0,3,3,2,2,39,74.35897435897436,0.07692307692307693,,0.07692307692307693,,,,,,,,,,,,,,,,,,,,,,,,,,,,,
162,ibrahim zadran,204,1.1724137931034482,17,5,7,22,2,2,174,117.24137931034481,0.12643678160919541,,0.040229885057471264,,,,,,,,,,,,,,,,,,,,,,,,,,,,,
163,iftikhar ahmed,144,1.2,9,6,7,15,2,4,120,120.0,0.125,,0.058333333333333334,,,,,,,,,,,,,,,,,,,,,,,,,,,,,
164,imad wasim,23,0.696969696969697,1,0,2,1,2,4,33,69.6969696969697,0.030303030303030304,,0.06060606060606061,,,,,,,,,,,,,,,,,,,,,,,,,,,,,
165,ish sodhi,10,1.1111111111111112,0,0,1,0,2,4,9,111.11111111111111,0.0,,0.1111111111111111,,,,,,,,,,,,,,,,,,,,,,,,,,,,,
166,ishan kishan,4,0.5,1,0,1,1,2,2,8,50.0,0.125,,0.125,,,,,,,,,,,,,,,,,,,,,,,,,,,,,
167,jack	brassell,2,0.6666666666666666,0,0,0,0,2,0,3,66.66666666666666,0.0,,0.0,,,,,,,,,,,,,,,,,,,,,,,,,,,,,
168,jaker ali,23,1.4375,3,0,1,3,2,1,16,143.75,0.1875,,0.0625,,,,,,,,,,,,,,,,,,,,,,,,,,,,,
169,james faulkner,17,1.0625,2,0,2,2,1,2,16,106.25,0.125,,0.125,,,,,,,,,,,,,,,,,,,,,,,,,,,,,
170,james neesham,166,1.537037037037037,5,9,6,14,2,2,108,153.7037037037037,0.12962962962962962,,0.05555555555555555,,,,,,,,,,,,,,,,,,,,,,,,,,,,,
171,james vince,22,1.2222222222222223,4,0,1,4,2,2,18,122.22222222222223,0.2222222222222222,,0.05555555555555555,,,,,,,,,,,,,,,,,,,,,,,,,,,,,
172,jamie atkinson,92,1.0952380952380953,8,2,3,10,1,2,84,109.52380952380953,0.11904761904761904,,0.03571428571428571,,,,,,,,,,,,,,,,,,,,,,,,,,,,,
173,jan frylinck,193,0.9554455445544554,13,1,9,14,2,2,202,95.54455445544554,0.06930693069306931,,0.04455445544554455,,,,,,,,,,,,,,,,,,,,,,,,,,,,,
174,jan nicol loftie-eaton,52,0.9454545454545454,1,3,7,4,1,2,55,94.54545454545455,0.07272727272727272,,0.12727272727272726,,,,,,,,,,,,,,,,,,,,,,,,,,,,,
175,jasdeep singh,2,0.2857142857142857,0,0,1,0,2,4,7,28.57142857142857,0.0,,0.14285714285714285,,,,,,,,,,,,,,,,,,,,,,,,,,,,,
176,jason holder,53,1.2045454545454546,4,2,4,6,2,2,44,120.45454545454545,0.13636363636363635,,0.09090909090909091,,,,,,,,,,,,,,,,,,,,,,,,,,,,,
177,jason roy,327,1.5,33,11,9,44,2,2,218,150.0,0.2018348623853211,,0.04128440366972477,,,,,,,,,,,,,,,,,,,,,,,,,,,,,
178,jasprit bumrah,0,0.0,0,0,1,0,1,2,3,0.0,0.0,,0.3333333333333333,,,,,,,,,,,,,,,,,,,,,,,,,,,,,
179,jatinder singh,164,1.3442622950819672,14,5,4,19,2,2,122,134.4262295081967,0.1557377049180328,,0.03278688524590164,,,,,,,,,,,,,,,,,,,,,,,,,,,,,
180,jean-paul duminy,87,1.7058823529411764,5,4,0,9,2,2,51,170.58823529411765,0.17647058823529413,,0.0,,,,,,,,,,,,,,,,,,,,,,,,,,,,,
181,jeffrey vandersay,3,0.42857142857142855,0,0,1,0,2,2,7,42.857142857142854,0.0,,0.14285714285714285,,,,,,,,,,,,,,,,,,,,,,,,,,,,,
182,jj smit,139,1.0610687022900764,9,4,7,13,2,2,131,106.10687022900764,0.09923664122137404,,0.05343511450381679,,,,,,,,,,,,,,,,,,,,,,,,,,,,,
183,joe root,256,1.471264367816092,24,7,3,31,2,2,174,147.1264367816092,0.1781609195402299,,0.017241379310344827,,,,,,,,,,,,,,,,,,,,,,,,,,,,,
184,john hastings,3,0.75,0,0,1,0,2,2,4,75.0,0.0,,0.25,,,,,,,,,,,,,,,,,,,,,,,,,,,,,
185,john kariko,5,0.625,1,0,1,1,1,0,8,62.5,0.125,,0.125,,,,,,,,,,,,,,,,,,,,,,,,,,,,,
186,johnson charles,227,1.135,19,9,11,28,2,2,200,113.5,0.14,,0.055,,,,,,,,,,,,,,,,,,,,,,,,,,,,,
187,jonny bairstow,66,1.1578947368421053,7,2,5,9,1,2,57,115.78947368421053,0.15789473684210525,,0.08771929824561403,,,,,,,,,,,,,,,,,,,,,,,,,,,,,
188,jos buttler,773,1.5522088353413654,66,34,14,100,2,2,498,155.22088353413653,0.20080321285140562,,0.028112449799196786,,,,,,,,,,,,,,,,,,,,,,,,,,,,,
189,josh davey,48,1.3714285714285714,1,3,4,4,2,2,35,137.14285714285714,0.11428571428571428,,0.11428571428571428,,,,,,,,,,,,,,,,,,,,,,,,,,,,,
190,josh hazlewood,1,1.0,0,0,0,0,0,2,1,100.0,0.0,,0.0,,,,,,,,,,,,,,,,,,,,,,,,,,,,,
191,josh little,35,1.0294117647058822,3,1,3,4,1,4,34,102.94117647058823,0.11764705882352941,,0.08823529411764706,,,,,,,,,,,,,,,,,,,,,,,,,,,,,
192,jp kotze,0,0.0,0,0,1,0,0,0,3,0.0,0.0,,0.3333333333333333,,,,,,,,,,,,,,,,,,,,,,,,,,,,,
193,junaid siddique,20,1.1111111111111112,1,1,1,2,2,2,18,111.11111111111111,0.1111111111111111,,0.05555555555555555,,,,,,,,,,,,,,,,,,,,,,,,,,,,,
194,kabua morea,18,1.125,0,1,1,1,2,0,16,112.5,0.0625,,0.0625,,,,,,,,,,,,,,,,,,,,,,,,,,,,,
195,kagiso rabada,47,1.146341463414634,2,2,0,4,1,0,41,114.6341463414634,0.0975609756097561,,0.0,,,,,,,,,,,,,,,,,,,,,,,,,,,,,
196,kaleem sana,13,0.9285714285714286,0,1,0,1,2,0,14,92.85714285714286,0.07142857142857142,,0.0,,,,,,,,,,,,,,,,,,,,,,,,,,,,,
197,kaleemullah,19,1.0555555555555556,2,0,3,2,2,2,18,105.55555555555556,0.1111111111111111,,0.16666666666666666,,,,,,,,,,,,,,,,,,,,,,,,,,,,,
198,kamindu mendis,16,0.8,2,0,2,2,2,2,20,80.0,0.1,,0.1,,,,,,,,,,,,,,,,,,,,,,,,,,,,,
199,kane richardson,1,1.0,0,0,0,0,2,0,1,100.0,0.0,,0.0,,,,,,,,,,,,,,,,,,,,,,,,,,,,,
200,kane williamson,542,1.138655462184874,45,12,15,57,2,2,476,113.8655462184874,0.11974789915966387,,0.031512605042016806,,,,,,,,,,,,,,,,,,,,,,,,,,,,,
201,karan kc,17,1.4166666666666667,0,2,1,2,2,4,12,141.66666666666669,0.16666666666666666,,0.08333333333333333,,,,,,,,,,,,,,,,,,,,,,,,,,,,,
202,karim janat,60,1.4634146341463414,4,3,2,7,2,2,41,146.34146341463415,0.17073170731707318,,0.04878048780487805,,,,,,,,,,,,,,,,,,,,,,,,,,,,,
203,karim sadiq,1,0.125,0,0,1,0,2,2,8,12.5,0.0,,0.125,,,,,,,,,,,,,,,,,,,,,,,,,,,,,
204,karthik meiyappan,4,0.5714285714285714,0,0,1,0,2,2,7,57.14285714285714,0.0,,0.14285714285714285,,,,,,,,,,,,,,,,,,,,,,,,,,,,,
205,kashif daud,17,0.9444444444444444,0,1,2,1,2,2,18,94.44444444444444,0.05555555555555555,,0.1111111111111111,,,,,,,,,,,,,,,,,,,,,,,,,,,,,
206,kashyap prajapati,45,0.7258064516129032,2,3,5,5,2,4,62,72.58064516129032,0.08064516129032258,,0.08064516129032258,,,,,,,,,,,,,,,,,,,,,,,,,,,,,
207,kasun rajitha,13,0.5,0,0,0,0,2,2,26,50.0,0.0,,0.0,,,,,,,,,,,,,,,,,,,,,,,,,,,,,
208,kenneth waiswa,9,0.391304347826087,0,0,1,0,2,0,23,39.130434782608695,0.0,,0.043478260869565216,,,,,,,,,,,,,,,,,,,,,,,,,,,,,
209,keshav maharaj,18,0.75,0,1,2,1,2,2,24,75.0,0.041666666666666664,,0.08333333333333333,,,,,,,,,,,,,,,,,,,,,,,,,,,,,
210,kevin o'brien,56,1.0566037735849056,6,0,5,6,2,2,53,105.66037735849056,0.11320754716981132,,0.09433962264150944,,,,,,,,,,,,,,,,,,,,,,,,,,,,,
211,khalid kail,49,0.7903225806451613,2,1,4,3,2,0,62,79.03225806451613,0.04838709677419355,,0.06451612903225806,,,,,,,,,,,,,,,,,,,,,,,,,,,,,
212,khalid latif,50,1.0416666666666667,4,1,2,5,2,2,48,104.16666666666667,0.10416666666666667,,0.041666666666666664,,,,,,,,,,,,,,,,,,,,,,,,,,,,,
213,khawar ali,45,1.0714285714285714,4,3,2,7,2,2,42,107.14285714285714,0.16666666666666666,,0.047619047619047616,,,,,,,,,,,,,,,,,,,,,,,,,,,,,
214,kieron pollard,93,1.0941176470588236,6,2,5,8,2,2,85,109.41176470588236,0.09411764705882353,,0.058823529411764705,,,,,,,,,,,,,,,,,,,,,,,,,,,,,
215,kinchit shah,19,1.0,2,0,1,2,1,2,19,100.0,0.10526315789473684,,0.05263157894736842,,,,,,,,,,,,,,,,,,,,,,,,,,,,,
216,kiplin doriga,139,1.2410714285714286,8,4,5,12,2,2,112,124.10714285714286,0.10714285714285714,,0.044642857142857144,,,,,,,,,,,,,,,,,,,,,,,,,,,,,
217,kl rahul,327,1.3914893617021276,27,15,9,42,2,2,235,139.14893617021275,0.17872340425531916,,0.03829787234042553,,,,,,,,,,,,,,,,,,,,,,,,,,,,,
218,kusal mendis,260,1.2935323383084578,20,10,9,30,2,2,201,129.3532338308458,0.14925373134328357,,0.04477611940298507,,,,,,,,,,,,,,,,,,,,,,,,,,,,,
219,kusal perera,126,1.2233009708737863,15,2,8,17,2,2,103,122.33009708737863,0.1650485436893204,,0.07766990291262135,,,,,,,,,,,,,,,,,,,,,,,,,,,,,
220,kushal bhurtel,7,0.7,1,0,1,1,2,2,10,70.0,0.1,,0.1,,,,,,,,,,,,,,,,,,,,,,,,,,,,,
221,kushal malla,9,1.0,1,0,1,1,1,0,9,100.0,0.1111111111111111,,0.1111111111111111,,,,,,,,,,,,,,,,,,,,,,,,,,,,,
222,kyle coetzer,154,1.1492537313432836,16,4,9,20,2,2,134,114.92537313432835,0.14925373134328357,,0.06716417910447761,,,,,,,,,,,,,,,,,,,,,,,,,,,,,
223,kyle mayers,35,1.1290322580645162,5,1,3,6,2,4,31,112.90322580645163,0.1935483870967742,,0.0967741935483871,,,,,,,,,,,,,,,,,,,,,,,,,,,,,
224,lahiru kumara,5,0.625,1,0,2,1,1,2,8,62.5,0.125,,0.25,,,,,,,,,,,,,,,,,,,,,,,,,,,,,
225,lahiru thirimanne,16,0.6153846153846154,2,0,3,2,2,2,26,61.53846153846154,0.07692307692307693,,0.11538461538461539,,,,,,,,,,,,,,,,,,,,,,,,,,,,,
226,lega siaka,24,0.6857142857142857,2,0,5,2,2,2,35,68.57142857142857,0.05714285714285714,,0.14285714285714285,,,,,,,,,,,,,,,,,,,,,,,,,,,,,
227,lendl simmons,106,1.127659574468085,7,5,3,12,2,4,94,112.7659574468085,0.1276595744680851,,0.031914893617021274,,,,,,,,,,,,,,,,,,,,,,,,,,,,,
228,liam livingstone,115,1.3372093023255813,5,6,5,11,2,2,86,133.72093023255815,0.12790697674418605,,0.05813953488372093,,,,,,,,,,,,,,,,,,,,,,,,,,,,,
229,liam plunkett,5,1.25,0,0,1,0,2,0,4,125.0,0.0,,0.25,,,,,,,,,,,,,,,,,,,,,,,,,,,,,
230,litton das,263,1.0778688524590163,20,6,14,26,2,2,244,107.78688524590163,0.10655737704918032,,0.05737704918032787,,,,,,,,,,,,,,,,,,,,,,,,,,,,,
231,lockie ferguson,3,0.5,0,0,1,0,2,2,6,50.0,0.0,,0.16666666666666666,,,,,,,,,,,,,,,,,,,,,,,,,,,,,
232,logan van beek,59,0.9076923076923077,3,0,5,3,2,2,65,90.76923076923077,0.046153846153846156,,0.07692307692307693,,,,,,,,,,,,,,,,,,,,,,,,,,,,,
233,lorcan tucker,214,1.1263157894736842,16,4,6,20,2,2,190,112.63157894736841,0.10526315789473684,,0.031578947368421054,,,,,,,,,,,,,,,,,,,,,,,,,,,,,
234,luke jongwe,57,1.3571428571428572,6,1,3,7,2,2,42,135.71428571428572,0.16666666666666666,,0.07142857142857142,,,,,,,,,,,,,,,,,,,,,,,,,,,,,
235,luke ronchi,49,1.53125,3,2,4,5,2,2,32,153.125,0.15625,,0.125,,,,,,,,,,,,,,,,,,,,,,,,,,,,,
236,lungi ngidi,4,4.0,1,0,0,1,2,2,1,400.0,1.0,,0.0,,,,,,,,,,,,,,,,,,,,,,,,,,,,,
237,mahedi hasan,53,1.1521739130434783,5,2,3,7,2,2,46,115.21739130434783,0.15217391304347827,,0.06521739130434782,,,,,,,,,,,,,,,,,,,,,,,,,,,,,
238,maheesh theekshana,29,0.725,2,1,4,3,2,2,40,72.5,0.075,,0.1,,,,,,,,,,,,,,,,,,,,,,,,,,,,,
239,mahmudullah,294,1.1666666666666667,22,9,13,31,2,2,252,116.66666666666667,0.12301587301587301,,0.051587301587301584,,,,,,,,,,,,,,,,,,,,,,,,,,,,,
240,malan kruger,4,0.4444444444444444,0,0,1,0,2,2,9,44.44444444444444,0.0,,0.1111111111111111,,,,,,,,,,,,,,,,,,,,,,,,,,,,,
241,malcolm waller,48,0.9056603773584906,2,0,3,2,1,2,53,90.56603773584906,0.03773584905660377,,0.05660377358490566,,,,,,,,,,,,,,,,,,,,,,,,,,,,,
242,marco jansen,8,0.8,0,0,1,0,2,2,10,80.0,0.0,,0.1,,,,,,,,,,,,,,,,,,,,,,,,,,,,,
243,marcus stoinis,316,1.6373056994818653,18,20,5,38,2,2,193,163.73056994818654,0.19689119170984457,,0.025906735751295335,,,,,,,,,,,,,,,,,,,,,,,,,,,,,
244,mark adair,75,1.1538461538461537,4,2,8,6,2,2,65,115.38461538461537,0.09230769230769231,,0.12307692307692308,,,,,,,,,,,,,,,,,,,,,,,,,,,,,
245,mark chapman,72,0.9473684210526315,3,2,4,5,2,2,76,94.73684210526315,0.06578947368421052,,0.05263157894736842,,,,,,,,,,,,,,,,,,,,,,,,,,,,,
246,mark watt,53,1.0816326530612246,5,0,5,5,1,2,49,108.16326530612245,0.10204081632653061,,0.10204081632653061,,,,,,,,,,,,,,,,,,,,,,,,,,,,,
247,mark wood,1,1.0,0,0,0,0,2,2,1,100.0,0.0,,0.0,,,,,,,,,,,,,,,,,,,,,,,,,,,,,
248,marlon samuels,188,1.1393939393939394,26,2,5,28,2,2,165,113.93939393939394,0.1696969696969697,,0.030303030303030304,,,,,,,,,,,,,,,,,,,,,,,,,,,,,
249,martin guptill,360,1.338289962825279,36,16,11,52,2,2,269,133.8289962825279,0.19330855018587362,,0.040892193308550186,,,,,,,,,,,,,,,,,,,,,,,,,,,,,
250,mashrafe mortaza,35,1.5217391304347827,2,3,3,5,2,2,23,152.17391304347828,0.21739130434782608,,0.13043478260869565,,,,,,,,,,,,,,,,,,,,,,,,,,,,,
251,matheesha pathirana,0,0.0,0,0,1,0,2,2,5,0.0,0.0,,0.2,,,,,,,,,,,,,,,,,,,,,,,,,,,,,
252,matt henry,13,0.7222222222222222,0,1,1,1,2,2,18,72.22222222222221,0.05555555555555555,,0.05555555555555555,,,,,,,,,,,,,,,,,,,,,,,,,,,,,
253,matt machan,65,1.5853658536585367,3,2,1,5,2,2,41,158.53658536585365,0.12195121951219512,,0.024390243902439025,,,,,,,,,,,,,,,,,,,,,,,,,,,,,
254,matthew cross,216,0.9515418502202643,15,6,11,21,2,2,227,95.15418502202643,0.09251101321585903,,0.048458149779735685,,,,,,,,,,,,,,,,,,,,,,,,,,,,,
255,matthew wade,99,1.375,11,2,3,13,1,2,72,137.5,0.18055555555555555,,0.041666666666666664,,,,,,,,,,,,,,,,,,,,,,,,,,,,,
256,max o'dowd,443,1.132992327365729,41,9,14,50,2,2,391,113.29923273657289,0.1278772378516624,,0.03580562659846547,,,,,,,,,,,,,,,,,,,,,,,,,,,,,
257,max sorensen,9,1.2857142857142858,0,0,1,0,2,4,7,128.57142857142858,0.0,,0.14285714285714285,,,,,,,,,,,,,,,,,,,,,,,,,,,,,
258,mehidy hasan miraz,12,0.8571428571428571,0,0,1,0,2,2,14,85.71428571428571,0.0,,0.07142857142857142,,,,,,,,,,,,,,,,,,,,,,,,,,,,,
259,mehran khan,56,1.2444444444444445,4,2,6,6,2,2,45,124.44444444444444,0.13333333333333333,,0.13333333333333333,,,,,,,,,,,,,,,,,,,,,,,,,,,,,
260,michael bracewell,0,0.0,0,0,1,0,1,2,1,0.0,0.0,,1.0,,,,,,,,,,,,,,,,,,,,,,,,,,,,,
261,michael jones,201,1.4154929577464788,18,9,5,27,2,2,142,141.54929577464787,0.19014084507042253,,0.035211267605633804,,,,,,,,,,,,,,,,,,,,,,,,,,,,,
262,michael leask,218,1.5034482758620689,16,11,11,27,2,2,145,150.3448275862069,0.18620689655172415,,0.07586206896551724,,,,,,,,,,,,,,,,,,,,,,,,,,,,,
263,michael levitt,20,0.8695652173913043,2,1,3,3,2,4,23,86.95652173913044,0.13043478260869565,,0.13043478260869565,,,,,,,,,,,,,,,,,,,,,,,,,,,,,
264,michael van lingen,127,1.040983606557377,13,2,10,15,2,2,122,104.0983606557377,0.12295081967213115,,0.08196721311475409,,,,,,,,,,,,,,,,,,,,,,,,,,,,,
265,milinda siriwardana,24,1.1428571428571428,2,1,3,3,2,2,21,114.28571428571428,0.14285714285714285,,0.14285714285714285,,,,,,,,,,,,,,,,,,,,,,,,,,,,,
266,milton shumba,74,0.891566265060241,5,0,6,5,2,2,83,89.1566265060241,0.060240963855421686,,0.07228915662650602,,,,,,,,,,,,,,,,,,,,,,,,,,,,,
267,mitchell marsh,405,1.35,33,19,11,52,2,2,300,135.0,0.17333333333333334,,0.03666666666666667,,,,,,,,,,,,,,,,,,,,,,,,,,,,,
268,mitchell mcclenaghan,7,2.3333333333333335,0,1,1,1,1,0,3,233.33333333333334,0.3333333333333333,,0.3333333333333333,,,,,,,,,,,,,,,,,,,,,,,,,,,,,
269,mitchell santner,107,1.3896103896103895,4,5,6,9,2,2,77,138.96103896103895,0.11688311688311688,,0.07792207792207792,,,,,,,,,,,,,,,,,,,,,,,,,,,,,
270,mitchell starc,18,1.3846153846153846,1,1,2,2,2,4,13,138.46153846153845,0.15384615384615385,,0.15384615384615385,,,,,,,,,,,,,,,,,,,,,,,,,,,,,
271,moeen ali,250,1.3227513227513228,17,10,8,27,2,2,189,132.27513227513228,0.14285714285714285,,0.042328042328042326,,,,,,,,,,,,,,,,,,,,,,,,,,,,,
272,mohammad hafeez,144,1.4845360824742269,14,4,4,18,2,2,97,148.4536082474227,0.18556701030927836,,0.041237113402061855,,,,,,,,,,,,,,,,,,,,,,,,,,,,,
273,mohammad haris,90,1.3846153846153846,5,5,4,10,2,2,65,138.46153846153845,0.15384615384615385,,0.06153846153846154,,,,,,,,,,,,,,,,,,,,,,,,,,,,,
274,mohammad mithun,40,0.851063829787234,2,1,5,3,2,2,47,85.1063829787234,0.06382978723404255,,0.10638297872340426,,,,,,,,,,,,,,,,,,,,,,,,,,,,,
275,mohammad nabi,293,1.2157676348547717,23,5,12,28,2,2,241,121.57676348547717,0.11618257261410789,,0.04979253112033195,,,,,,,,,,,,,,,,,,,,,,,,,,,,,
276,mohammad nadeem,46,1.0454545454545454,1,3,2,4,2,2,44,104.54545454545455,0.09090909090909091,,0.045454545454545456,,,,,,,,,,,,,,,,,,,,,,,,,,,,,
277,mohammad naim,163,1.1560283687943262,13,4,6,17,1,4,141,115.60283687943263,0.12056737588652482,,0.0425531914893617,,,,,,,,,,,,,,,,,,,,,,,,,,,,,
278,mohammad nawaz,80,1.1764705882352942,7,2,5,9,1,2,68,117.64705882352942,0.1323529411764706,,0.07352941176470588,,,,,,,,,,,,,,,,,,,,,,,,,,,,,
279,mohammad rizwan,569,1.1518218623481782,40,18,13,58,2,2,494,115.18218623481782,0.11740890688259109,,0.02631578947368421,,,,,,,,,,,,,,,,,,,,,,,,,,,,,
280,mohammad saifuddin,25,2.7777777777777777,2,2,1,4,2,0,9,277.77777777777777,0.4444444444444444,,0.1111111111111111,,,,,,,,,,,,,,,,,,,,,,,,,,,,,
281,mohammad sami,5,2.5,1,0,0,1,1,0,2,250.0,0.5,,0.0,,,,,,,,,,,,,,,,,,,,,,,,,,,,,
282,mohammad shahzad,305,1.3034188034188035,29,15,11,44,2,2,234,130.34188034188034,0.18803418803418803,,0.04700854700854701,,,,,,,,,,,,,,,,,,,,,,,,,,,,,
283,mohammad wasim,17,0.7391304347826086,2,0,2,2,2,4,23,73.91304347826086,0.08695652173913043,,0.08695652173913043,,,,,,,,,,,,,,,,,,,,,,,,,,,,,
284,mohammed shami,0,0.0,0,0,1,0,1,2,2,0.0,0.0,,0.5,,,,,,,,,,,,,,,,,,,,,,,,,,,,,
285,mohammed siraj,7,1.4,0,0,1,0,2,2,5,140.0,0.0,,0.2,,,,,,,,,,,,,,,,,,,,,,,,,,,,,
286,monank patel,70,1.206896551724138,9,1,2,10,2,0,58,120.6896551724138,0.1724137931034483,,0.034482758620689655,,,,,,,,,,,,,,,,,,,,,,,,,,,,,
287,mosaddek hossain,42,1.0769230769230769,2,2,4,4,1,2,39,107.6923076923077,0.10256410256410256,,0.10256410256410256,,,,,,,,,,,,,,,,,,,,,,,,,,,,,
288,ms dhoni,87,1.2428571428571429,5,2,1,7,1,2,70,124.28571428571429,0.1,,0.014285714285714285,,,,,,,,,,,,,,,,,,,,,,,,,,,,,
289,mudassar bukhari,15,2.5,1,1,1,2,4,1,6,250.0,0.3333333333333333,,0.16666666666666666,,,,,,,,,,,,,,,,,,,,,,,,,,,,,
290,muhammad waseem,99,1.0421052631578946,2,5,3,7,2,2,95,104.21052631578947,0.07368421052631578,,0.031578947368421054,,,,,,,,,,,,,,,,,,,,,,,,,,,,,
291,mujeeb ur rahman,0,0.0,0,0,2,0,0,4,3,0.0,0.0,,0.6666666666666666,,,,,,,,,,,,,,,,,,,,,,,,,,,,,
292,munis ansari,9,1.8,0,0,0,0,0,2,5,180.0,0.0,,0.0,,,,,,,,,,,,,,,,,,,,,,,,,,,,,
293,mushfiqur rahim,179,1.1049382716049383,15,4,8,19,2,2,162,110.49382716049382,0.11728395061728394,,0.04938271604938271,,,,,,,,,,,,,,,,,,,,,,,,,,,,,
294,mustafizur rahman,23,1.0952380952380953,0,2,4,2,1,0,21,109.52380952380953,0.09523809523809523,,0.19047619047619047,,,,,,,,,,,,,,,,,,,,,,,,,,,,,
295,najibullah zadran,314,1.3476394849785407,25,13,11,38,1,2,233,134.76394849785407,0.1630901287553648,,0.04721030042918455,,,,,,,,,,,,,,,,,,,,,,,,,,,,,
296,najmul hossain shanto,213,1.0441176470588236,20,3,9,23,2,2,204,104.41176470588236,0.11274509803921569,,0.04411764705882353,,,,,,,,,,,,,,,,,,,,,,,,,,,,,
297,naseem khushi,21,0.875,1,1,4,2,2,0,24,87.5,0.08333333333333333,,0.16666666666666666,,,,,,,,,,,,,,,,,,,,,,,,,,,,,
298,naseem shah,11,1.8333333333333333,1,0,0,1,2,0,6,183.33333333333331,0.16666666666666666,,0.0,,,,,,,,,,,,,,,,,,,,,,,,,,,,,
299,nasir hossain,3,0.42857142857142855,0,0,1,0,1,3,7,42.857142857142854,0.0,,0.14285714285714285,,,,,,,,,,,,,,,,,,,,,,,,,,,,,
300,nasum ahmed,28,1.6470588235294117,2,2,2,4,2,4,17,164.70588235294116,0.23529411764705882,,0.11764705882352941,,,,,,,,,,,,,,,,,,,,,,,,,,,,,
301,nathan coulter-nile,1,0.5,0,0,1,0,2,2,2,50.0,0.0,,0.5,,,,,,,,,,,,,,,,,,,,,,,,,,,,,
302,nathan mccullum,0,0.0,0,0,1,0,0,2,1,0.0,0.0,,1.0,,,,,,,,,,,,,,,,,,,,,,,,,,,,,
303,navneet dhaliwal,73,1.1774193548387097,8,3,3,11,2,2,62,117.74193548387098,0.1774193548387097,,0.04838709677419355,,,,,,,,,,,,,,,,,,,,,,,,,,,,,
304,neil rock,6,0.75,0,0,2,0,2,2,8,75.0,0.0,,0.25,,,,,,,,,,,,,,,,,,,,,,,,,,,,,
305,niall o'brien,21,1.105263157894737,1,0,1,1,0,2,19,110.5263157894737,0.05263157894736842,,0.05263157894736842,,,,,,,,,,,,,,,,,,,,,,,,,,,,,
306,nicholas kirton,103,1.3918918918918919,6,4,2,10,2,0,74,139.1891891891892,0.13513513513513514,,0.02702702702702703,,,,,,,,,,,,,,,,,,,,,,,,,,,,,
307,nicholas pooran,170,1.2142857142857142,13,8,9,21,2,2,140,121.42857142857142,0.15,,0.06428571428571428,,,,,,,,,,,,,,,,,,,,,,,,,,,,,
308,nikolaas davin,47,0.9215686274509803,6,1,3,7,2,2,51,92.15686274509804,0.13725490196078433,,0.058823529411764705,,,,,,,,,,,,,,,,,,,,,,,,,,,,,
309,nitish kumar,43,1.131578947368421,3,1,1,4,1,2,38,113.1578947368421,0.10526315789473684,,0.02631578947368421,,,,,,,,,,,,,,,,,,,,,,,,,,,,,
310,nizakat khan,25,1.1904761904761905,0,2,3,2,2,2,21,119.04761904761905,0.09523809523809523,,0.14285714285714285,,,,,,,,,,,,,,,,,,,,,,,,,,,,,
311,noor ali zadran,131,0.9776119402985075,9,2,5,11,2,2,134,97.76119402985076,0.08208955223880597,,0.03731343283582089,,,,,,,,,,,,,,,,,,,,,,,,,,,,,
312,norman vanua,53,0.9464285714285714,2,2,5,4,2,0,56,94.64285714285714,0.07142857142857142,,0.08928571428571429,,,,,,,,,,,,,,,,,,,,,,,,,,,,,
313,nosaina pokana,7,0.5833333333333334,0,0,0,0,2,0,12,58.333333333333336,0.0,,0.0,,,,,,,,,,,,,,,,,,,,,,,,,,,,,
314,nurul hasan,66,0.9565217391304348,2,1,7,3,2,2,69,95.65217391304348,0.043478260869565216,,0.10144927536231885,,,,,,,,,,,,,,,,,,,,,,,,,,,,,
315,nuwan kulasekara,8,0.8888888888888888,0,0,1,0,1,2,9,88.88888888888889,0.0,,0.1111111111111111,,,,,,,,,,,,,,,,,,,,,,,,,,,,,
316,nuwan thushara,1,0.2,0,0,0,0,0,2,5,20.0,0.0,,0.0,,,,,,,,,,,,,,,,,,,,,,,,,,,,,
317,obed mccoy,2,0.5,0,0,1,0,1,2,4,50.0,0.0,,0.25,,,,,,,,,,,,,,,,,,,,,,,,,,,,,
318,odean smith,29,1.2083333333333333,1,2,1,3,2,2,24,120.83333333333333,0.125,,0.041666666666666664,,,,,,,,,,,,,,,,,,,,,,,,,,,,,
319,pargat singh,28,0.9655172413793104,2,0,3,2,2,2,29,96.55172413793103,0.06896551724137931,,0.10344827586206896,,,,,,,,,,,,,,,,,,,,,,,,,,,,,
320,pat cummins,36,1.3846153846153846,2,3,4,5,2,2,26,138.46153846153845,0.19230769230769232,,0.15384615384615385,,,,,,,,,,,,,,,,,,,,,,,,,,,,,
321,pathum nissanka,518,1.2074592074592074,38,14,17,52,2,2,429,120.74592074592074,0.12121212121212122,,0.039627039627039624,,,,,,,,,,,,,,,,,,,,,,,,,,,,,
322,paul stirling,312,1.223529411764706,29,10,12,39,2,2,255,122.3529411764706,0.15294117647058825,,0.047058823529411764,,,,,,,,,,,,,,,,,,,,,,,,,,,,,
323,paul van meekeren,49,1.4848484848484849,6,1,3,7,2,2,33,148.4848484848485,0.21212121212121213,,0.09090909090909091,,,,,,,,,,,,,,,,,,,,,,,,,,,,,
324,peter borren,55,1.4864864864864864,6,0,2,6,2,2,37,148.64864864864865,0.16216216216216217,,0.05405405405405406,,,,,,,,,,,,,,,,,,,,,,,,,,,,,
325,peter nevill,14,3.5,0,2,0,2,1,0,4,350.0,0.5,,0.0,,,,,,,,,,,,,,,,,,,,,,,,,,,,,
326,phil salt,62,1.7714285714285714,6,4,3,10,1,0,35,177.14285714285714,0.2857142857142857,,0.08571428571428572,,,,,,,,,,,,,,,,,,,,,,,,,,,,,
327,pieter seelaar,28,0.7,2,0,2,2,2,4,40,70.0,0.05,,0.05,,,,,,,,,,,,,,,,,,,,,,,,,,,,,
328,pikky ya france,4,0.4444444444444444,0,0,2,0,2,2,9,44.44444444444444,0.0,,0.2222222222222222,,,,,,,,,,,,,,,,,,,,,,,,,,,,,
329,pratik athavale,62,1.3478260869565217,6,2,3,8,2,2,46,134.7826086956522,0.17391304347826086,,0.06521739130434782,,,,,,,,,,,,,,,,,,,,,,,,,,,,,
330,preston mommsen,49,1.0425531914893618,2,0,1,2,2,2,47,104.25531914893618,0.0425531914893617,,0.02127659574468085,,,,,,,,,,,,,,,,,,,,,,,,,,,,,
331,quinton de kock,400,1.3745704467353952,45,14,14,59,1,2,291,137.4570446735395,0.2027491408934708,,0.048109965635738834,,,,,,,,,,,,,,,,,,,,,,,,,,,,,
332,rachin ravindra,10,0.7692307692307693,0,0,1,0,2,4,13,76.92307692307693,0.0,,0.07692307692307693,,,,,,,,,,,,,,,,,,,,,,,,,,,,,
333,rahmanullah gurbaz,291,1.3791469194312795,16,18,11,34,2,2,211,137.91469194312796,0.16113744075829384,,0.052132701421800945,,,,,,,,,,,,,,,,,,,,,,,,,,,,,
334,rangana herath,6,0.6,0,0,3,0,1,2,10,60.0,0.0,,0.3,,,,,,,,,,,,,,,,,,,,,,,,,,,,,
335,rashid khan,100,1.3513513513513513,8,6,7,14,2,2,74,135.13513513513513,0.1891891891891892,,0.0945945945945946,,,,,,,,,,,,,,,,,,,,,,,,,,,,,
336,rassie van der dussen,180,1.1688311688311688,8,6,2,14,2,2,154,116.88311688311688,0.09090909090909091,,0.012987012987012988,,,,,,,,,,,,,,,,,,,,,,,,,,,,,
337,ravi rampaul,3,0.375,0,0,1,0,2,2,8,37.5,0.0,,0.125,,,,,,,,,,,,,,,,,,,,,,,,,,,,,
338,ravichandran ashwin,38,0.926829268292683,2,1,2,3,2,2,41,92.6829268292683,0.07317073170731707,,0.04878048780487805,,,,,,,,,,,,,,,,,,,,,,,,,,,,,
339,ravinderpal singh,0,0.0,0,0,1,0,2,2,2,0.0,0.0,,0.5,,,,,,,,,,,,,,,,,,,,,,,,,,,,,
340,ravindra jadeja,52,1.1818181818181819,5,1,4,6,1,0,44,118.18181818181819,0.13636363636363635,,0.09090909090909091,,,,,,,,,,,,,,,,,,,,,,,,,,,,,
341,reeza hendricks,64,0.927536231884058,7,1,8,8,2,2,69,92.7536231884058,0.11594202898550725,,0.11594202898550725,,,,,,,,,,,,,,,,,,,,,,,,,,,,,
342,regis chakabva,54,0.8307692307692308,5,1,8,6,2,2,65,83.07692307692308,0.09230769230769231,,0.12307692307692308,,,,,,,,,,,,,,,,,,,,,,,,,,,,,
343,richard ngarava,27,1.2857142857142858,0,2,4,2,2,2,21,128.57142857142858,0.09523809523809523,,0.19047619047619047,,,,,,,,,,,,,,,,,,,,,,,,,,,,,
344,richie berrington,350,1.232394366197183,19,13,12,32,2,2,284,123.2394366197183,0.11267605633802817,,0.04225352112676056,,,,,,,,,,,,,,,,,,,,,,,,,,,,,
345,richmond mutumbami,31,0.9393939393939394,4,1,3,5,2,2,33,93.93939393939394,0.15151515151515152,,0.09090909090909091,,,,,,,,,,,,,,,,,,,,,,,,,,,,,
346,rilee rossouw,142,1.6705882352941177,9,9,5,18,2,2,85,167.05882352941177,0.21176470588235294,,0.058823529411764705,,,,,,,,,,,,,,,,,,,,,,,,,,,,,
347,rishabh pant,193,1.2371794871794872,13,8,6,21,2,2,156,123.71794871794873,0.1346153846153846,,0.038461538461538464,,,,,,,,,,,,,,,,,,,,,,,,,,,,,
348,rishad hossain,3,0.6,0,0,1,0,2,2,5,60.0,0.0,,0.2,,,,,,,,,,,,,,,,,,,,,,,,,,,,,
349,roelof van der merwe,15,0.6,1,0,7,1,2,0,25,60.0,0.04,,0.28,,,,,,,,,,,,,,,,,,,,,,,,,,,,,
350,rohit paudel,40,1.0526315789473684,5,0,1,5,2,0,38,105.26315789473684,0.13157894736842105,,0.02631578947368421,,,,,,,,,,,,,,,,,,,,,,,,,,,,,
351,rohit sharma,459,1.247282608695652,44,19,18,63,2,2,368,124.7282608695652,0.17119565217391305,,0.04891304347826087,,,,,,,,,,,,,,,,,,,,,,,,,,,,,
352,romario shepherd,16,1.0,0,1,1,1,2,4,16,100.0,0.0625,,0.0625,,,,,,,,,,,,,,,,,,,,,,,,,,,,,
353,ross taylor,98,1.180722891566265,5,3,3,8,2,2,83,118.07228915662651,0.0963855421686747,,0.03614457831325301,,,,,,,,,,,,,,,,,,,,,,,,,,,,,
354,roston chase,86,1.1944444444444444,8,2,4,10,2,2,72,119.44444444444444,0.1388888888888889,,0.05555555555555555,,,,,,,,,,,,,,,,,,,,,,,,,,,,,
355,rovman powell,73,1.028169014084507,4,2,7,6,2,2,71,102.8169014084507,0.08450704225352113,,0.09859154929577464,,,,,,,,,,,,,,,,,,,,,,,,,,,,,
356,ruben trumpelmann,67,1.2181818181818183,5,3,3,8,2,0,55,121.81818181818183,0.14545454545454545,,0.05454545454545454,,,,,,,,,,,,,,,,,,,,,,,,,,,,,
357,ryan burl,109,1.09,11,2,4,13,1,2,100,109.00000000000001,0.13,,0.04,,,,,,,,,,,,,,,,,,,,,,,,,,,,,
358,ryan campbell,41,0.8367346938775511,6,0,3,6,2,2,49,83.6734693877551,0.12244897959183673,,0.061224489795918366,,,,,,,,,,,,,,,,,,,,,,,,,,,,,
359,ryan ten doeschate,0,0.0,0,0,1,0,1,0,1,0.0,0.0,,1.0,,,,,,,,,,,,,,,,,,,,,,,,,,,,,
360,saad bin zafar,14,0.5833333333333334,1,0,1,1,2,2,24,58.333333333333336,0.041666666666666664,,0.041666666666666664,,,,,,,,,,,,,,,,,,,,,,,,,,,,,
361,sabbir rahman,167,1.3688524590163935,17,4,6,21,2,2,122,136.88524590163937,0.1721311475409836,,0.04918032786885246,,,,,,,,,,,,,,,,,,,,,,,,,,,,,
362,sadeera samarawickrama,0,0.0,0,0,1,0,2,2,1,0.0,0.0,,1.0,,,,,,,,,,,,,,,,,,,,,,,,,,,,,
363,safyaan sharif,13,1.1818181818181819,0,1,2,1,2,2,11,118.18181818181819,0.09090909090909091,,0.18181818181818182,,,,,,,,,,,,,,,,,,,,,,,,,,,,,
364,saim ayub,11,0.8461538461538461,0,0,1,0,2,4,13,84.61538461538461,0.0,,0.07692307692307693,,,,,,,,,,,,,,,,,,,,,,,,,,,,,
365,sam curran,12,0.9230769230769231,0,1,1,1,0,0,13,92.3076923076923,0.07692307692307693,,0.07692307692307693,,,,,,,,,,,,,,,,,,,,,,,,,,,,,
366,samiullah shinwari,136,1.3333333333333333,11,3,5,14,1,2,102,133.33333333333331,0.13725490196078433,,0.049019607843137254,,,,,,,,,,,,,,,,,,,,,,,,,,,,,
367,samuel badree,2,1.0,0,0,0,0,1,2,2,100.0,0.0,,0.0,,,,,,,,,,,,,,,,,,,,,,,,,,,,,
368,sandeep goud,9,0.5625,0,0,2,0,2,2,16,56.25,0.0,,0.125,,,,,,,,,,,,,,,,,,,,,,,,,,,,,
369,sarfaraz ahmed,22,1.2941176470588236,1,0,1,1,0,1,17,129.41176470588235,0.058823529411764705,,0.058823529411764705,,,,,,,,,,,,,,,,,,,,,,,,,,,,,
370,scott edwards,163,0.9819277108433735,13,2,11,15,2,2,166,98.19277108433735,0.09036144578313253,,0.06626506024096386,,,,,,,,,,,,,,,,,,,,,,,,,,,,,
371,sean williams,245,1.225,23,2,10,25,2,2,200,122.50000000000001,0.125,,0.05,,,,,,,,,,,,,,,,,,,,,,,,,,,,,
372,semo kamea,2,0.6666666666666666,0,0,0,0,0,0,3,66.66666666666666,0.0,,0.0,,,,,,,,,,,,,,,,,,,,,,,,,,,,,
373,sese bau,104,0.9541284403669725,10,2,6,12,2,2,109,95.41284403669725,0.11009174311926606,,0.05504587155963303,,,,,,,,,,,,,,,,,,,,,,,,,,,,,
374,shadab khan,149,1.568421052631579,8,8,6,16,2,2,95,156.8421052631579,0.16842105263157894,,0.06315789473684211,,,,,,,,,,,,,,,,,,,,,,,,,,,,,
375,shadley van schalkwyk,11,1.1,1,0,0,1,1,4,10,110.00000000000001,0.1,,0.0,,,,,,,,,,,,,,,,,,,,,,,,,,,,,
376,shafiqullah,69,1.4680851063829787,6,3,4,9,2,2,47,146.80851063829786,0.19148936170212766,,0.0851063829787234,,,,,,,,,,,,,,,,,,,,,,,,,,,,,
377,shaheen shah afridi,50,1.6129032258064515,3,3,2,6,2,0,31,161.29032258064515,0.1935483870967742,,0.06451612903225806,,,,,,,,,,,,,,,,,,,,,,,,,,,,,
378,shahid afridi,89,1.816326530612245,6,7,4,13,2,2,49,181.6326530612245,0.2653061224489796,,0.08163265306122448,,,,,,,,,,,,,,,,,,,,,,,,,,,,,
379,shakeel ahmed,26,1.1818181818181819,3,0,2,3,2,2,22,118.18181818181819,0.13636363636363635,,0.09090909090909091,,,,,,,,,,,,,,,,,,,,,,,,,,,,,
380,shakib al hasan,375,1.1538461538461537,30,8,16,38,2,2,325,115.38461538461537,0.11692307692307692,,0.04923076923076923,,,,,,,,,,,,,,,,,,,,,,,,,,,,,
381,shamarh brooks,5,0.4166666666666667,0,0,2,0,1,2,12,41.66666666666667,0.0,,0.16666666666666666,,,,,,,,,,,,,,,,,,,,,,,,,,,,,
382,shamim hossain,33,0.825,1,1,2,2,1,2,40,82.5,0.05,,0.05,,,,,,,,,,,,,,,,,,,,,,,,,,,,,
383,shan masood,191,1.232258064516129,12,1,4,13,1,4,155,123.2258064516129,0.08387096774193549,,0.025806451612903226,,,,,,,,,,,,,,,,,,,,,,,,,,,,,
384,shane watson,99,1.4776119402985075,8,4,2,12,1,2,67,147.76119402985074,0.1791044776119403,,0.029850746268656716,,,,,,,,,,,,,,,,,,,,,,,,,,,,,
385,shapoor zadran,1,0.5,0,0,1,0,1,0,2,50.0,0.0,,0.5,,,,,,,,,,,,,,,,,,,,,,,,,,,,,
386,sharafuddin ashraf,2,0.6666666666666666,0,0,0,0,1,4,3,66.66666666666666,0.0,,0.0,,,,,,,,,,,,,,,,,,,,,,,,,,,,,
387,shardul thakur,0,0.0,0,0,1,0,2,0,3,0.0,0.0,,0.3333333333333333,,,,,,,,,,,,,,,,,,,,,,,,,,,,,
388,shariz ahmad,27,1.35,3,0,1,3,2,2,20,135.0,0.15,,0.05,,,,,,,,,,,,,,,,,,,,,,,,,,,,,
389,sharjeel khan,120,1.4814814814814814,18,3,4,21,2,2,81,148.14814814814815,0.25925925925925924,,0.04938271604938271,,,,,,,,,,,,,,,,,,,,,,,,,,,,,
390,shayan jahangir,0,0.0,0,0,1,0,2,2,1,0.0,0.0,,1.0,,,,,,,,,,,,,,,,,,,,,,,,,,,,,
391,shehan jayasuriya,1,0.3333333333333333,0,0,1,0,0,2,3,33.33333333333333,0.0,,0.3333333333333333,,,,,,,,,,,,,,,,,,,,,,,,,,,,,
392,sherfane rutherford,95,1.507936507936508,4,7,2,11,2,2,63,150.79365079365078,0.1746031746031746,,0.031746031746031744,,,,,,,,,,,,,,,,,,,,,,,,,,,,,
393,shikhar dhawan,48,0.9056603773584906,4,2,4,6,1,2,53,90.56603773584906,0.11320754716981132,,0.07547169811320754,,,,,,,,,,,,,,,,,,,,,,,,,,,,,
394,shimron hetmyer,134,1.2884615384615385,13,4,4,17,2,2,104,128.84615384615387,0.16346153846153846,,0.038461538461538464,,,,,,,,,,,,,,,,,,,,,,,,,,,,,
395,shivam dube,41,0.8541666666666666,1,1,1,2,2,4,48,85.41666666666666,0.041666666666666664,,0.020833333333333332,,,,,,,,,,,,,,,,,,,,,,,,,,,,,
396,shoaib khan,12,0.42857142857142855,1,0,2,1,1,0,28,42.857142857142854,0.03571428571428571,,0.07142857142857142,,,,,,,,,,,,,,,,,,,,,,,,,,,,,
397,shoaib malik,198,1.736842105263158,11,11,3,22,2,2,114,173.6842105263158,0.19298245614035087,,0.02631578947368421,,,,,,,,,,,,,,,,,,,,,,,,,,,,,
398,shoriful islam,0,0.0,0,0,1,0,1,0,2,0.0,0.0,,0.5,,,,,,,,,,,,,,,,,,,,,,,,,,,,,
399,shreyas movva,72,1.125,4,2,2,6,2,2,64,112.5,0.09375,,0.03125,,,,,,,,,,,,,,,,,,,,,,,,,,,,,
400,shuvagata hom,29,1.0357142857142858,3,1,2,4,1,2,28,103.57142857142858,0.14285714285714285,,0.07142857142857142,,,,,,,,,,,,,,,,,,,,,,,,,,,,,
401,sikandar raza,250,1.3966480446927374,16,11,9,27,2,2,179,139.66480446927375,0.15083798882681565,,0.05027932960893855,,,,,,,,,,,,,,,,,,,,,,,,,,,,,
402,simi singh,10,0.5263157894736842,0,0,2,0,2,0,19,52.63157894736842,0.0,,0.10526315789473684,,,,,,,,,,,,,,,,,,,,,,,,,,,,,
403,simon atai,6,0.6666666666666666,0,0,3,0,1,0,9,66.66666666666666,0.0,,0.3333333333333333,,,,,,,,,,,,,,,,,,,,,,,,,,,,,
404,sompal kami,0,0.0,0,0,1,0,2,2,5,0.0,0.0,,0.2,,,,,,,,,,,,,,,,,,,,,,,,,,,,,
405,soumya sarkar,145,1.0,13,4,15,17,2,2,145,100.0,0.11724137931034483,,0.10344827586206896,,,,,,,,,,,,,,,,,,,,,,,,,,,,,
406,stephan baard,148,0.9673202614379085,10,2,6,12,2,2,153,96.73202614379085,0.0784313725490196,,0.0392156862745098,,,,,,,,,,,,,,,,,,,,,,,,,,,,,
407,stephan myburgh,138,1.1694915254237288,21,1,7,22,1,4,118,116.94915254237289,0.1864406779661017,,0.059322033898305086,,,,,,,,,,,,,,,,,,,,,,,,,,,,,
408,steven smith,167,1.1360544217687074,14,1,7,15,2,2,147,113.60544217687074,0.10204081632653061,,0.047619047619047616,,,,,,,,,,,,,,,,,,,,,,,,,,,,,
409,steven taylor,44,0.8461538461538461,1,2,3,3,1,2,52,84.61538461538461,0.057692307692307696,,0.057692307692307696,,,,,,,,,,,,,,,,,,,,,,,,,,,,,
410,sultan ahmed,2,0.4,0,0,2,0,2,2,5,40.0,0.0,,0.4,,,,,,,,,,,,,,,,,,,,,,,,,,,,,
411,suraj kumar,4,0.5714285714285714,0,0,1,0,2,0,7,57.14285714285714,0.0,,0.14285714285714285,,,,,,,,,,,,,,,,,,,,,,,,,,,,,
412,suranga lakmal,0,0.0,0,0,1,0,1,2,1,0.0,0.0,,1.0,,,,,,,,,,,,,,,,,,,,,,,,,,,,,
413,suresh raina,40,1.25,2,2,4,4,1,4,32,125.0,0.125,,0.125,,,,,,,,,,,,,,,,,,,,,,,,,,,,,
414,suryakumar yadav,318,1.5215311004784688,32,10,7,42,2,2,209,152.1531100478469,0.20095693779904306,,0.03349282296650718,,,,,,,,,,,,,,,,,,,,,,,,,,,,,
415,sybrand engelbrecht,87,1.1153846153846154,6,2,2,8,2,2,78,111.53846153846155,0.10256410256410256,,0.02564102564102564,,,,,,,,,,,,,,,,,,,,,,,,,,,,,
416,tabraiz shamsi,2,1.0,0,0,0,0,1,2,2,100.0,0.0,,0.0,,,,,,,,,,,,,,,,,,,,,,,,,,,,,
417,tamim iqbal,306,1.4366197183098592,24,14,3,38,2,2,213,143.66197183098592,0.1784037558685446,,0.014084507042253521,,,,,,,,,,,,,,,,,,,,,,,,,,,,,
418,tanwir afzal,38,1.3103448275862069,3,1,1,4,4,0,29,131.0344827586207,0.13793103448275862,,0.034482758620689655,,,,,,,,,,,,,,,,,,,,,,,,,,,,,
419,tanzid hasan,50,1.1904761904761905,7,1,3,8,1,2,42,119.04761904761905,0.19047619047619047,,0.07142857142857142,,,,,,,,,,,,,,,,,,,,,,,,,,,,,
420,tanzim hasan sakib,2,0.4,0,0,0,0,2,2,5,40.0,0.0,,0.0,,,,,,,,,,,,,,,,,,,,,,,,,,,,,
421,taskin ahmed,40,0.7843137254901961,2,1,6,3,2,2,51,78.43137254901961,0.058823529411764705,,0.11764705882352941,,,,,,,,,,,,,,,,,,,,,,,,,,,,,
422,teja nidamanuru,1,0.5,0,0,1,0,2,3,2,50.0,0.0,,0.5,,,,,,,,,,,,,,,,,,,,,,,,,,,,,
423,temba bavuma,165,1.1073825503355705,12,4,8,16,2,2,149,110.73825503355705,0.10738255033557047,,0.053691275167785234,,,,,,,,,,,,,,,,,,,,,,,,,,,,,
424,tendai chatara,22,0.8461538461538461,2,0,3,2,2,2,26,84.61538461538461,0.07692307692307693,,0.11538461538461539,,,,,,,,,,,,,,,,,,,,,,,,,,,,,
425,thisara perera,89,1.5892857142857142,7,4,3,11,1,2,56,158.92857142857142,0.19642857142857142,,0.05357142857142857,,,,,,,,,,,,,,,,,,,,,,,,,,,,,
426,tillakaratne dilshan,126,1.1886792452830188,12,4,5,16,2,2,106,118.86792452830188,0.1509433962264151,,0.04716981132075472,,,,,,,,,,,,,,,,,,,,,,,,,,,,,
427,tim david,48,1.5483870967741935,4,2,3,6,2,2,31,154.83870967741936,0.1935483870967742,,0.0967741935483871,,,,,,,,,,,,,,,,,,,,,,,,,,,,,
428,tim pringle,54,0.7714285714285715,1,1,6,2,2,2,70,77.14285714285715,0.02857142857142857,,0.08571428571428572,,,,,,,,,,,,,,,,,,,,,,,,,,,,,
429,tim seifert,16,1.1428571428571428,2,0,1,2,1,4,14,114.28571428571428,0.14285714285714285,,0.07142857142857142,,,,,,,,,,,,,,,,,,,,,,,,,,,,,
430,tim southee,7,1.4,1,0,1,1,2,0,5,140.0,0.2,,0.2,,,,,,,,,,,,,,,,,,,,,,,,,,,,,
431,timm van der gugten,0,0.0,0,0,1,0,2,2,1,0.0,0.0,,1.0,,,,,,,,,,,,,,,,,,,,,,,,,,,,,
432,tinashe panyangara,19,2.111111111111111,0,2,0,2,1,3,9,211.11111111111111,0.2222222222222222,,0.0,,,,,,,,,,,,,,,,,,,,,,,,,,,,,
433,tom cooper,126,1.024390243902439,9,3,9,12,2,2,123,102.4390243902439,0.0975609756097561,,0.07317073170731707,,,,,,,,,,,,,,,,,,,,,,,,,,,,,
434,tony munyonga,7,0.7,1,0,2,1,2,2,10,70.0,0.1,,0.2,,,,,,,,,,,,,,,,,,,,,,,,,,,,,
435,tony ura,29,0.7837837837837838,1,0,5,1,2,2,37,78.37837837837837,0.02702702702702703,,0.13513513513513514,,,,,,,,,,,,,,,,,,,,,,,,,,,,,
436,towhid hridoy,92,1.2602739726027397,3,6,3,9,2,2,73,126.02739726027397,0.1232876712328767,,0.0410958904109589,,,,,,,,,,,,,,,,,,,,,,,,,,,,,
437,travis head,80,1.7777777777777777,9,5,2,14,2,0,45,177.77777777777777,0.3111111111111111,,0.044444444444444446,,,,,,,,,,,,,,,,,,,,,,,,,,,,,
438,trent boult,10,0.9090909090909091,0,1,1,1,2,2,11,90.9090909090909,0.09090909090909091,,0.09090909090909091,,,,,,,,,,,,,,,,,,,,,,,,,,,,,
439,tristan stubbs,81,0.7941176470588235,3,2,6,5,2,2,102,79.41176470588235,0.049019607843137254,,0.058823529411764705,,,,,,,,,,,,,,,,,,,,,,,,,,,,,
440,umar akmal,79,1.234375,4,2,4,6,2,2,64,123.4375,0.09375,,0.0625,,,,,,,,,,,,,,,,,,,,,,,,,,,,,
441,usman ghani,62,0.8985507246376812,5,1,4,6,2,4,69,89.85507246376811,0.08695652173913043,,0.057971014492753624,,,,,,,,,,,,,,,,,,,,,,,,,,,,,
442,usman khan,20,0.9523809523809523,1,0,2,1,2,2,21,95.23809523809523,0.047619047619047616,,0.09523809523809523,,,,,,,,,,,,,,,,,,,,,,,,,,,,,
443,usman khawaja,148,1.4095238095238096,22,2,3,24,2,2,105,140.95238095238096,0.22857142857142856,,0.02857142857142857,,,,,,,,,,,,,,,,,,,,,,,,,,,,,
444,vikramjit singh,124,0.9841269841269841,10,5,8,15,2,2,126,98.4126984126984,0.11904761904761904,,0.06349206349206349,,,,,,,,,,,,,,,,,,,,,,,,,,,,,
445,virat kohli,665,1.3571428571428572,60,14,11,74,2,2,490,135.71428571428572,0.1510204081632653,,0.022448979591836733,,,,,,,,,,,,,,,,,,,,,,,,,,,,,
446,vriitya aravind,52,0.6933333333333334,3,0,4,3,2,2,75,69.33333333333334,0.04,,0.05333333333333334,,,,,,,,,,,,,,,,,,,,,,,,,,,,,
447,vusi sibanda,85,1.0625,5,2,5,7,2,2,80,106.25,0.0875,,0.0625,,,,,,,,,,,,,,,,,,,,,,,,,,,,,
448,wahab riaz,0,0.0,0,0,1,0,2,2,1,0.0,0.0,,1.0,,,,,,,,,,,,,,,,,,,,,,,,,,,,,
449,wanindu hasaranga,146,1.226890756302521,17,2,12,19,2,2,119,122.6890756302521,0.15966386554621848,,0.10084033613445378,,,,,,,,,,,,,,,,,,,,,,,,,,,,,
450,wayne parnell,7,0.5,0,0,1,0,2,4,14,50.0,0.0,,0.07142857142857142,,,,,,,,,,,,,,,,,,,,,,,,,,,,,
451,wellington masakadza,15,0.5769230769230769,1,0,2,1,1,2,26,57.692307692307686,0.038461538461538464,,0.07692307692307693,,,,,,,,,,,,,,,,,,,,,,,,,,,,,
452,wesley barresi,19,1.1176470588235294,1,1,2,2,1,2,17,111.76470588235294,0.11764705882352941,,0.11764705882352941,,,,,,,,,,,,,,,,,,,,,,,,,,,,,
453,wessly madhevere,120,1.348314606741573,15,2,8,17,2,4,89,134.8314606741573,0.19101123595505617,,0.0898876404494382,,,,,,,,,,,,,,,,,,,,,,,,,,,,,
454,will jacks,16,0.9411764705882353,2,0,2,2,2,2,17,94.11764705882352,0.11764705882352941,,0.11764705882352941,,,,,,,,,,,,,,,,,,,,,,,,,,,,,
455,william porterfield,43,1.2285714285714286,4,1,2,5,2,2,35,122.85714285714286,0.14285714285714285,,0.05714285714285714,,,,,,,,,,,,,,,,,,,,,,,,,,,,,
456,yasir ali,5,0.5555555555555556,0,0,2,0,2,4,9,55.55555555555556,0.0,,0.2222222222222222,,,,,,,,,,,,,,,,,,,,,,,,,,,,,
457,yuvraj singh,57,1.0363636363636364,3,2,4,5,1,2,55,103.63636363636364,0.09090909090909091,,0.07272727272727272,,,,,,,,,,,,,,,,,,,,,,,,,,,,,
458,zahoor khan,1,1.0,0,0,0,0,2,1,1,100.0,0.0,,0.0,,,,,,,,,,,,,,,,,,,,,,,,,,,,,
459,zane green,121,0.8287671232876712,6,2,10,8,1,2,146,82.87671232876713,0.0547945205479452,,0.0684931506849315,,,,,,,,,,,,,,,,,,,,,,,,,,,,,
460,zawar farid,2,0.5,0,0,0,0,1,2,4,50.0,0.0,,0.0,,,,,,,,,,,,,,,,,,,,,,,,,,,,,
461,zeeshan maqsood,115,0.9829059829059829,13,2,8,15,2,2,117,98.29059829059828,0.1282051282051282,,0.06837606837606838,,,,,,,,,,,,,,,,,,,,,,,,,,,,,
